:020000040800F2
:10000000005000200D010008690100086901000886
:10001000690100086901000869010008000000008A
:10002000000000000000000000000000690100085E
:100030006901000800000000690100089D07000830
:1000400069010008690100086901000869010008E8
:1000500069010008690100086901000869010008D8
:1000600069010008690100086901000869010008C8
:1000700069010008690100086901000869010008B8
:1000800069010008690100086901000869010008A8
:100090006901000869010008690100086901000898
:1000A0006901000869010008690100086901000888
:1000B0006901000869010008690100086901000878
:1000C0006901000869010008690100086901000868
:1000D0006901000849090008690100086901000870
:0C00E000690100086901000869010008BE
:0800EC00944100000100000036
:1000F80080B500AF00F08CF800F0A2F80023184695
:1001080080BD000080B582B000AF104B7B60104B03
:100118003B6007E07A68131D7B603B68191D3960F6
:1001280012681A603B680B4A9342F3D30A4B3B6050
:1001380004E03B681A1D3A6000221A603B68074ACF
:100148009342F6D3FFF7D4FF00BFFDE76CB3000876
:10015800000000209C0800209C0800208C0C002037
:1001680080B400AF00BFFDE780B582B000AF0023C8
:100178007B6000233B600CE000F0C4FC03461A4699
:100188007B6813447B60012000F012FB3B6801335D
:100198003B603B68B3F5FA6FEEDB7B68064A82FB8F
:1001A8000312D211DB17D31A1AB2044B1A8000BFFC
:1001B8000837BD4680BD00BFD34D62109C080020A3
:1001C80080B582B000AF0346FB8000F085FEB7F92A
:1001D8000630142B03DD0B4800F06EFB0BE0B7F97B
:1001E800063013F1140F03DA074800F065FB02E04C
:1001F800064800F061FB642000F0DAFA00BF083717
:10020800BD4680BDECAA0008F8AA000804AB0008A7
:1002180080B500AF00F0A0FA00F02AFA00F0EAF882
:1002280000F0AAFBFFF7A0FF00F054FD00F084FDEA
:1002380000F090FC4FF4E13000F0D2FA00BF80BD2E
:1002480080B5A6B000AF07F18803184600F0E6FBBA
:10025800B7F994309AB21A4BB3F900309BB2D31A5B
:100268009BB2A7F89630B7F9962007F1080315490D
:10027800184600F0F1FE07F10803184600F01CFBD1
:10028800B7F996301846FFF79BFF00F04BFC00F0DB
:10029800EBFC642000F08CFA09E0FB79184600F0CA
:1002A800E3FAFB790D2B02D10A2000F0DDFAFB1DE1
:1002B800184600F0F1FA0346002BEED1C3E700BF61
:1002C8009C08002014AB000880B483B000AF7860AD
:1002D8000B46FB701346BB707B682A4A934206D1D3
:1002E800294B9B69284A43F00403936114E07B6817
:1002F800264A934206D1244B9B69234A43F00803BC
:10030800936109E07B68224A934205D11E4B9B69A1
:100318001D4A43F010039361FB78072B15D87B68BF
:100328001A68FB789B000F2101FA03F3DB431A409C
:100338007B681A607B681B68B978FA78920001FAC2
:1003480002F21A437B681A6016E07B685A68FB78E9
:10035800083B9B000F2101FA03F3DB431A407B683B
:100368005A607B685B68B978FA78083A920001FAB3
:1003780002F21A437B685A6000BF0C37BD4680BC46
:10038800704700BF0008014000100240000C014007
:100398000010014080B483B000AF78600B46FB705A
:1003A8001346BB70BB78002B05D0FB7801229A401E
:1003B8007B681A6104E0FB7801229A407B685A61E5
:1003C80000BF0C37BD4680BC704780B483B000AF17
:1003D80078600B46FB707B68DA68FB78012101FACC
:1003E80003F35A407B68DA6000BF0C37BD4680BC17
:1003F800704700BF80B500AF1F4B9B691E4A43F092
:10040800090393611C4BDB691B4A43F40013D36156
:100418001A4B5B68194A23F0020353600F22062126
:100428001748FFF751FF0F2207211548FFF74CFF28
:10043800144B1B68134A43F400431360114B1B68A9
:10044800104A23F4004313600E4B1B680D4A23F037
:10045800010313600B4B24225A600A4BB422DA6161
:10046800084B25221A62074B1B68064A43F0010312
:10047800136000BF80BD00BF0010024000000140B3
:10048800000C01400054004080B483B000AF144B0E
:100498001B68134A43F48073136042F210737B6045
:1004A80000BF0F4B5B6903F00103002B04D17B688D
:1004B8005A1E7A60002BF4D17B68002B0BD1084BB5
:1004C8001B68074A43F400431360054B1B68044A42
:1004D80023F40043136000BF0C37BD4680BC70474F
:1004E8000054004080B400AF044B1B68034A43F437
:1004F8000073136000BFBD4680BC704700540040C5
:1005080080B584B000AF03460A46FB711346BB7141
:10051800BB79012B06D1FB795B0043F00102124B3A
:100528001A6104E0FB795B000F4ADBB2136142F207
:100538001073FB6000BF0C4B5B6903F00203002BD8
:1005480004D1FB685A1EFA60002BF4D1FB68002B1B
:1005580002D1FFF7C7FF03E0034B5B69024B9B69BE
:100568001037BD4680BD00BF0054004080B485B040
:1005780000AF0346FB7142F21073FB6000BF134BE0
:100588005B6903F08003002B04D1FB685A1EFA60F4
:10059800002BF4D1FB68002B12D00C4AFB791361B5
:1005A80042F21073FB6000BF084B5B6903F0040361
:1005B800002B06D1FB685A1EFA60002BF4D100E02C
:1005C80000BF1437BD4680BC704700BF00540040D0
:1005D80080B483B000AF114B1B68104A43F48063AA
:1005E800136042F210737B6000BF0C4B5B6903F031
:1005F8004003002B04D17B685A1E7A60002BF4D18B
:100608007B68002B01D1FF2302E0044B1B69DBB29E
:1006180018460C37BD4680BC704700BF00540040E8
:1006280080B582B000AF114B1B68104A23F4806379
:100638001360FFF757FF42F210737B6000BF0B4B4C
:100648005B6903F04003002B04D17B685A1E7A6073
:10065800002BF4D17B68002B01D1FF2302E0034B70
:100668001B69DBB218460837BD4680BD0054004000
:1006780080B400AF194B1B68184A43F00403136099
:10068800174B1B68164A43F002031360154B1B688F
:10069800144A23F07F431360124B1B68114A43F03E
:1006A8003B431360104B07221A60104B40F2E732AD
:1006B8001A600F4B46F668021A600E4B11221A6038
:1006C8000D4B01221A600D4B00221A600C4B0022C0
:1006D8001A6000BFBD4680BC704700BF18100240BA
:1006E8001C10024000080140280400402C0400406F
:1006F8001804004020040040000400403404004076
:100708003804004080B485B000AF03460A46FB7148
:100718001346BB71BB79642B01D96423BB71BA79C9
:1007280013469B0013445B00FB60FB79012B03D14C
:10073800074AFB68136005E0FB79022B02D1054AE2
:10074800FB68136000BF1437BD4680BC704700BF0C
:10075800340400403804004080B400AF094B002244
:100768001A60094B41F63F721A60084B00221A6062
:10077800074B00221A60034B07221A6000BFBD46D0
:1007880080BC704710E000E014E000E018E000E0F2
:10079800A008002080B400AF044B1B680133034A53
:1007A800136000BFBD4680BC704700BFA008002092
:1007B80080B485B000AF7860084B1B68FB6000BF51
:1007C800064B1A68FB68D31A7A689A42F8D800BFB1
:1007D80000BF1437BD4680BC704700BFA00800208A
:1007E80080B582B000AF7860184800F081FB184BE4
:1007F8001B68174A43F4804343F004031360154B06
:100808001B68144A23F47F631360124B1B68114A58
:1008180043F0B00313600F4B1B680E4A43F4806328
:1008280013600D4A0D497B68B1FBF3F313600C4B61
:100838001B680B4A43F0200313600A4B42F22C0258
:100848001A6000BF0837BD4680BD00BFA40800205D
:1008580018100240040801400838014000127A00CC
:1008680004E100E00C38014080B483B000AF0346D7
:10087800FB7100BF064B1B6803F08003002BF9D007
:10088800044AFB79136000BF0C37BD4680BC704733
:10089800003801400438014080B582B000AF78606C
:1008A8007968044800F05AFB034618460837BD46E5
:1008B80080BD00BFA408002080B582B000AF78607A
:1008C80006E07B685A1C7A601B781846FFF7CCFF55
:1008D8007B681B78002BF4D100BF00BF0837BD46EA
:1008E80080BD80B584B000AF786039600023FB60BC
:1008F80009E07A68FB6813441B781846FFF7B4FFD1
:10090800FB680133FB60FA683B689A42F1D300BF89
:1009180000BF1037BD4680BD80B500AF024800F06B
:1009280043FB0346184680BDA408002080B500AFED
:10093800024800F04DFB0346184680BDA40800207D
:1009480080B582B000AF094B1B6803F02003002B71
:1009580007D0074B1B68FB71FB791946054800F067
:10096800D8FA00BF0837BD4680BD00BF0038014037
:1009780004380140A408002080B500AF00216B2096
:1009880000F012F80921192000F00EF803211A20AE
:1009980000F00AF800211B2000F006F800211C20B6
:1009A80000F002F800BF80BD80B582B000AF0346FA
:1009B8000A46FB711346BB71FFF766FD00216820EC
:1009C800FFF79EFDFB791846FFF7D0FDBB79184667
:1009D800FFF7CCFDFFF786FD00BF0837BD4680BD99
:1009E80080B584B000AF0346FB71FFF74DFD0021D1
:1009F8006820FFF785FDFB791846FFF7B7FDFFF77D
:100A080043FD01216820FFF77BFDFFF709FE034640
:100A1800FB73FB7B18461037BD4680BD80B588B098
:100A280000AF7860FFF730FD00216820FFF768FD10
:100A38003B20FFF79BFDFFF727FD01216820FFF70B
:100A48005FFD0023FB610CE0FFF7C2FD034619467A
:100A580007F10C02FB6913440A461A70FB6901335B
:100A6800FB61FB690C2BEFDDFFF7DAFD03467B76B4
:100A78003B7B1BB21B021AB27B7B1BB213431AB21D
:100A88007B681A80BB7B1BB21B021AB2FB7B1BB2B2
:100A980013431AB27B685A803B7C1BB21B021AB202
:100AA8007B7C1BB213431AB27B689A80BB7C1BB257
:100AB8001B021AB2FB7C1BB213431AB27B68DA80A2
:100AC8003B7D1BB21B021AB27B7D1BB213431AB2C9
:100AD8007B681A81BB7D1BB21B021AB2FB7D1BB25D
:100AE80013431AB27B685A813B7E1BB21B021AB2AF
:100AF8007B7E1BB213431AB27B689A8100BF2037F2
:100B0800BD4680BD80B584B000AF3B461846FFF7B0
:100B180085FFBB89FB81B7F90E3018461037BD46F3
:100B280080BD000080B500AF00220D210848FFF706
:100B380031FC4FF47A70FFF73BFE01220D21044887
:100B4800FFF728FC4FF47A70FFF732FE00BF80BD34
:100B58000010014080B500AF0F48FFF7ADFE02223C
:100B68000D210E48FFF7B0FB0121002000F01AF814
:100B78000320FFF71DFE0321002000F013F8F621E3
:100B8800012000F00FF801210F2000F00BF80448B5
:100B9800FFF792FE00BF80BD1CAB000800100140AB
:100BA80024AB000880B582B000AF03460A46FB714B
:100BB8001346BB71FFF768FC00212920FFF7A0FC52
:100BC800FB7963F07F03DBB21846FFF7CFFCBB79F4
:100BD8001846FFF7CBFCFFF785FC00BF0837BD467A
:100BE80080BD80B584B000AF0346FB71FFF74CFCB5
:100BF80000212920FFF784FCFB7963F07F03DBB237
:100C08001846FFF7B3FCFFF73FFC01212920FFF747
:100C180077FCFFF705FD0346FB73FFF763FCFB7BDF
:100C280018461037BD4680BD80B584B000AF034676
:100C3800FB71FB791846FFF7D4FF0346FB73FB797A
:100C48000133DBB21846FFF7CCFF0346BB73BB7B0F
:100C58001BB21B021AB2FB7B1BB213431BB29BB223
:100C680018461037BD4680BD90B59FB002AF14201E
:100C7800FFF7DAFF0346A7F86E301620FFF7D4FF18
:100C88000346A7F86C301820FFF7CEFF0346A7F8F5
:100C98006A301A20FFF7C8FF0346A7F86830B7F88C
:100CA8006E10B7F86C40B7F86A30B7F86820381D8E
:100CB8000192009323460A46054900F0CDF93B1DF1
:100CC8001846FFF7F9FD00BF7437BD4690BD00BF59
:100CD8002CAB000880B500AF02220D210248FFF7B7
:100CE800F3FA00BF80BD00BF0010014080B400AF20
:100CF800034B4FF400525A6100BFBD4680BC704799
:100D08000010014080B400AF034B4FF400521A6149
:100D180000BFBD4680BC70470010014080B400AFE2
:100D2800044BDB68034A83F40053D36000BFBD461D
:100D380080BC70470010014080B500AF022201213D
:100D48000A48FFF7C1FA022202210848FFF7BCFA55
:100D5800022203210548FFF7B7FA022204210348BB
:100D6800FFF7B2FA00F0B8F800BF80BD00080140F4
:100D780080B582B000AF0346FB711248FFF79CFDB7
:100D8800002201211048FFF705FB012202210E482D
:100D9800FFF700FB002203210B48FFF7FBFA0122B3
:100DA80004210948FFF7F6FAFB7919460120FFF7F5
:100DB800A9FCFB7919460220FFF7A4FC00BF0837FD
:100DC800BD4680BD48AB00080008014080B582B030
:100DD80000AF0346FB71012201211048FFF7DAFA40
:100DE800002202210D48FFF7D5FA012203210B4802
:100DF800FFF7D0FA002204210848FFF7CBFAFB7965
:100E080019460120FFF77EFCFB7919460220FFF7FF
:100E180079FC00BF0837BD4680BD00BF000801400F
:100E280080B582B000AF0346FB711248FFF744FD5E
:100E3800002201211048FFF7ADFA002202210E48D6
:100E4800FFF7A8FA002203210B48FFF7A3FA0122B3
:100E580004210948FFF79EFA00210120FFF752FC00
:100E6800FB7919460220FFF74DFC00BF0837BD4645
:100E780080BD00BF54AB00080008014080B582B0B7
:100E880000AF0346FB711248FFF716FD002201214F
:100E98001048FFF77FFA012202210E48FFF77AFA7D
:100EA800002203210B48FFF775FA002204210948A4
:100EB800FFF770FAFB7919460120FFF723FC0021A0
:100EC8000220FFF71FFC00BF0837BD4680BD00BFEA
:100ED8005CAB00080008014080B500AF002101208C
:100EE800FFF710FC00210220FFF70CFC00BF80BDBB
:100EF80080B483B000AF78607B680022C3F880209C
:100F08007B680022C3F8842000BF0C37BD4680BC34
:100F1800704780B485B000AF78600B46FB707B6883
:100F2800D3F88030013303F07F03FB607B68D3F88C
:100F38008430FA689A4201D100230AE07B68D3F82A
:100F480080307A68F978D1547B68FA68C3F88020D1
:100F5800012318461437BD4680BC704780B483B05F
:100F680000AF786039607B68D3F880207B68D3F85D
:100F780084309A4201D1002311E07B68D3F8843091
:100F88007A68D35CDAB23B681A707B68D3F884302D
:100F9800013303F07F027B68C3F8842001231846DD
:100FA8000C37BD4680BC704780B483B000AF786012
:100FB8007B68D3F880207B68D3F884309A4214BFCA
:100FC80001230023DBB218460C37BD4680BC7047AE
:100FD80080B483B000AF78607B68D3F880207B68EA
:100FE800D3F884309A4207D37B68D3F880207B6893
:100FF800D3F88430D31A07E07B68D3F880207B6865
:10100800D3F88430D31A803318460C37BD4680BCD9
:10101800704700000CB40A4610B56FF0004C00246D
:101028009CB01EAB53F804EB0A4902920591069254
:1010380002A9724601931B94CDF810C0CDF81CC0CC
:1010480000F030F8029B1C701CB0BDE8104002B0E4
:10105800704700BF0802FFFF0EB4024610B56FF0DC
:10106800004C00249DB01FAB53F804EB0B490C480F
:101078000292059006920868724602A901931B9491
:10108800CDF810C0CDF81CC000F00CF8029B1C7005
:101098001DB0BDE8104003B0704700BF000000203D
:1010A8000802FFFF2DE9F04FDDB00C4615460A9106
:1010B8000E93834603F03AF803681846179303F033
:1010C80057FA0822169000212CA802F0DDFAA3890D
:1010D8001F0603D52369002B01F0B78000230024E5
:1010E8009E46CDE93133002333AA90462E46CDE9FA
:1010F8001234CDE91AEE3092CDF860E0CDF864E014
:10110800CDF820E0CDF844E034466D4B2CAFD3F851
:10111800CC5102F0F7FF2246034626A9584600970D
:10112800A847002800F09E80C0F29480269B252BBB
:1011380001D00444E9E7A71B054640F09680002249
:101148004FF0FF3392460793013423788DF88F20B0
:10115800099299460134A9F120035A2B00F2B28072
:10116800DFE813F0E202B000B000DE02B000B00029
:10117800B000C102B000B0006A009002B0008C025A
:10118800A402B00095025B005B005B005B005B00A3
:101198005B005B005B005B00B000B000B000B0001B
:1011A800B000B000B0002901B0007F018D03290113
:1011B80029012901B000B000B000B0008903B000D7
:1011C800B000EC02B000B000B0005602B00044031A
:1011D800B000B000EB07B000B000B000B000B00045
:1011E800B000B000B0002901B0007F016A012901F8
:1011F80029012901CE036A017400B000E803B00098
:10120800D8031D04F2037400B0005602720065038F
:10121800B000B0004E08B00072000022A9F13003FF
:1012280014F8019B02EB820203EB4202A9F130039E
:10123800092BF5D909928EE70E9B53F8042B002A47
:1012480009920E93C0F21782237882E723784AF036
:10125800200A7EE7082200212CA802F015FA0120B6
:10126800044452E7A71B054611D0319A329B01323C
:101278003B44072AC8E900673293319216DC08F12B
:101288000808089B3B440893002D7FF458AF329B15
:10129800002B41F079830A9B9B8903F04003002BC4
:1012A80041F06F8708985DB0BDE8F08F58460A99FD
:1012B80030AA01F0E3FF0028EDD10DF1CC08E0E7FA
:1012C80014020020B9F1000FE1D0002301228DF8AB
:1012D8000C910C9243AE8DF88F300B93CDE9062319
:1012E800CDE90F331493329D1AF08403AE4600F013
:1012F800E5809DF88F2012B3002731980122013034
:101308000135C8F8042007280DF18F02CDE9310511
:10131800C8F8002000F3498408F108087FB1319823
:10132800022201300235C8F80420072824AACDE992
:101338003105C8F8002000F3298408F10808802B3B
:1013480000F04183079B0C9A9F1A002F00F3C78077
:101358001AF4807F40F000810C9BC8F800601D449F
:10136800C8F80430319B32950133072B319300F3D1
:10137800B68308F108081AF0040F05D0099B069AED
:101388009E1A002E00F32084DDE9083206998A426D
:10139800ACBF9B185B180893002D40F058830023BE
:1013A80031930B9B1BB158460B9904F067FA2646FC
:1013B8000DF1CC08A8E60E9B073323F00701F1E8EE
:1013C8000223CDE91223139B1E9223F000431F939F
:1013D8000E914FF0FF32DDE91E01AF4B09F044FBDF
:1013E800002840F04F86DDE91E014FF0FF32AA4B7E
:1013F80009F01CFB0546002840F04486DDE912018F
:10140800002200232AF0800A09F006FB002841F098
:1014180054819DF88F30B9F1470FCCBF9F4EA04E35
:10142800002B41F0C6850322CDE90F330B930C92B4
:1014380007931493069256E71AF0200F40F015868A
:101448000E9A1AF0100F52F8045B41F0FE861AF05B
:10145800400F0E9201F0268145F3C0373B462DB26E
:101468001DE2B9F1430F03D01AF0100F00F0D68631
:10147800082200212EA802F007F90E9A43AE314641
:10148800584612682EAB05F0D3FF0C90013001F0DE
:1014980073860C9B23EAE37306930E9B329D0433F9
:1014A8000E930023CDE90F338DF88F300B930793FC
:1014B80014931AF08403AE467FF41BAF099A06987A
:1014C800171A002F00F367849DF88F20002A7FF4F5
:1014D80013AF079B0C9A9F1A002F7FF739AF714BF8
:1014E800102F319A159325DD2946102325460A9C8D
:1014F80004E0103F102F08F1080819DD013269488F
:101508001031072AC8E90003CDE93121F1DD214670
:10151800584630AA01F0B2FE002840F0A082DDE96A
:101528003121103F102F4FF010030DF1CC08E5DCEE
:101538002C460D460132159B3D44072ACDE931253D
:10154800C8F80030C8F8047000F39A841AF4807F51
:1015580008F108083FF400AFB9F1650F40F3CA82FB
:10156800DDE912010022002309F04CFA002800F0FE
:1015780075830123C8F80430319B4B4A0133013588
:10158800072B32953193C8F8002000F3C58708F17E
:101598000808259B119A934280F21D85169B179A7D
:1015A8001D44C8E90023319B32950133072B319341
:1015B80000F33E8608F10808119B5E1E002E7FF797
:1015C800DAAE102E319B41F3D38536492A461027CF
:1015D8000D46DDF82890159105E008F10808103E41
:1015E800102E40F3CE8701331032072BC8E900577D
:1015F800CDE93132F1DD4946584630AA01F03EFEC8
:10160800002840F02C82DDE931320DF1CC08E6E704
:1016180000230E9F8DF88F3057F8046B002E00F0D2
:101628002386B9F1530F00F084871AF010030F9343
:1016380040F07F87079B002BC1F297811A463046FE
:101648000F9902F055FF9DF88F300B90002801F09C
:101658000D850B9A0E97921B0C9222EAE272069263
:101668000BB1531C06930F9B4FF073090793149308
:1016780010930B9337E6099B5B42099323784AF052
:10168800040A66E52B238DF88F30237861E52378EB
:101698004AF0800A5DE500BFFFFFEF7F68AB0008F6
:1016A80064AB000800AE0008A4AB0008214611F89E
:1016B800019BB9F12A0F01F0AE85A9F13003092B7E
:1016C80098BF002201F29C8311F8019B02EB820271
:1016D80003EB4202A9F13003092BF5D942EAE27380
:1016E8000C46079337E5584602F020FD4368184634
:1016F800199302F03DFF1B900546584602F016FD6F
:10170800816823781A91002D3FF423AD00293FF416
:1017180020AD0A78002A3FF41CAD4AF4806A18E527
:1017280023784AF0010A14E59DF88F202378002ACF
:101738007FF40FAD20228DF88F200AE51AF0200FD4
:101748004AF0100000F093840E9B073323F0070340
:101758001A46596852F8083B0E9200228DF88F20DD
:10176800079A002A18DB53EA010220F4906A15D17F
:10177800079A9AB910F001031A46069300F0A68654
:1017880030238DF86F31079B0C92CDE90F331493FA
:101798000B930DF26F16A6E520F4806A5CAE03F099
:1017A8000702DB0843EA4173C908303253EA0105EE
:1017B800304606F8012DF2D11AF0010F00F04282EE
:1017C800302A00F03F8230230238002206F8013C1C
:1017D80006465CAB1B1A0B920C930799CDE90F22B6
:1017E8009942B8BF1946149206917CE51AF0200F69
:1017F8004AF0100120D10E9B1A1D00270E9B079856
:101808001B68B8421D468DF88F7058DB21F0800A9E
:10181800002B40F0F5850E92002840F01384CDE9A6
:101828000F000C90149006900B905CAE5BE51AF0DC
:10183800200F00F0E98351460E9B073323F007027F
:1018480000238DF88F30079B576852F8085B002BF0
:101858000E9235DB55EA070321F0800A31D1079B48
:10186800002B40F0EF83CDE90F330C9314930693CC
:101878000B935CAE37E523784AF0080A69E41AF05E
:10188800200F4AF0100100F0B0830E9B8A46073300
:1018980023F00702536852F8085B1F460E92002B8C
:1018A800C0F2FB82079A002A0BDB55EA07032AF0ED
:1018B800800A06D1002A00F0D287302507E00E9270
:1018C8008A460A2D77F1000380F0F8823035079BAD
:1018D8008DF86F51012BB8BF0123069301230C9398
:1018E8009DF88F300DF26F16002B01F08E82069B4B
:1018F800013306930023CDE90F330B931493F2E4DD
:101908002378682B03BF63784AF4007A01344AF0DD
:10191800400A1EE40E9A1AF0200F02F1040300F0A8
:101928009383126808991160C917516026460E936F
:10193800FFF7EABB23786C2B03BF63784AF0200AD1
:1019480001344AF0100A04E4002547F630030E9AE1
:10195800079E52F8041BAE42ADF890308DF88F50B8
:101968000B46C0F24F842AF0800040F0020A00299A
:1019780040F03686002E00F0798730238DF86F31DD
:10198800012306964FF078098C4614910E920C9319
:101998000F910B9110910DF26F1600F019BC1AF00F
:1019A800200F40F06C830E9A1AF0100F52F8043B87
:1019B80041F060841AF0400F50460E9200F06B869A
:1019C80000219BB2C9E6099B069A9F1A002F7FF750
:1019D800B9AC102F319A41F3D982DFF874C241466D
:1019E8002846B046102326460A9D6446CDF854C0C2
:1019F80004E0103F102F01F1080115DD013210300D
:101A0800072AC1E90043CDE93120F2DD29465846CD
:101A180030AA01F033FC10BBDDE93120103F102F54
:101A28004FF0100333A9E9DC34460546464688469C
:101A38000132159B3D44072ACDE93125C8F800300D
:101A4800C8F8047000F3B98508F108087AE4584624
:101A58000A9930AA01F012FC00283FF4A0AC0B9BB5
:101A6800002B3FF418AC58460B9903F007FF0A9B6C
:101A78009B8903F0400312E40123C8F80430319B2A
:101A8800744A01330135072B32953193C8F8002089
:101A980000F3C88608F10808002940F0AD85119ABE
:101AA8000AF0010313433FF466AC169B17995A19C1
:101AB800C8E90013319B32920133072B319300F3AD
:101AC800858708F10808119901338D18072BCDE98E
:101AD8003135C8F80060C8F804107FF74AAC58469A
:101AE8000A9930AA01F0CAFB0028B8D1329D0DF13D
:101AF800CC0840E4119B319F012B05F1010507F14A
:101B0800010708F1080940F32B810123072FCDE9CC
:101B18003175C8F80060C8F8043000F34F82169B8E
:101B28000137179A1D44072FC9E90023CDE93175FC
:101B380000F3378209F10809119B0022DDE912013F
:101B480003F1FF38002308F05DFF002840F06C81A6
:101B5800013701364544072FCDE93175C9F80060D2
:101B6800C9F8048000F30A8109F10809189B0137B4
:101B78001D44C9F80430072F28ABCDE93175C9F8E1
:101B88000030ACDC09F10808FFF7F5BB58460A99A4
:101B980030AA159301F072FB00287FF460AF329DE4
:101BA800159B0DF1CC08FFF7CABB58460A9930AA15
:101BB800159301F063FB00287FF451AF329D159B0C
:101BC8000DF1CC08FFF7AABB102E319B41F35781CA
:101BD800214AA24610271446DDF82890159204E001
:101BE800103E102E08F1080816DD01331035072BBA
:101BF800C8E90047CDE93135F2DD4946584630AAF3
:101C080001F03CFB00287FF42AAFDDE93135103EB6
:101C1800102E0DF1CC08E8DC54460133159A3544F2
:101C2800072BC8E90026CDE931357FF7ADAB58461B
:101C38000A9930AA01F022FB00287FF410AF329DE8
:101C4800FFF7A2BB00225CAB9B1B0B920C93C4E575
:101C580000AE0008A4AB000810AE00082599814228
:101C68007FF70AAFDDF83C90119B9945A8BF9946CC
:101C7800B9F1000F0BDD319B4D440133072BC8E947
:101C880000693295319301F3498008F108080F9FE4
:101C9800B9F1000FA8BFA7EB0907002F00F3F482E2
:101CA8000F9B1AF4806F334440F01583259A1199DD
:101CB8008A4203DB1AF0010F00F0E58516991798A0
:101CC8000D44C8E900013199329501310729319154
:101CD80001F3318008F1080811997718FF1A8E1A54
:101CE800B742A8BF3746002F0DDDC8F80030319B3A
:101CF8003D440133072BC8F804703295319301F342
:101D08006B8008F10808002FA8BFF61B002E7FF78C
:101D180032AB102E319B41F32B82B8492A4610274B
:101D28000D46DDF82890159105E008F10808103EE9
:101D3800102E40F3268401331032072BC8E90057D0
:101D4800CDE93132F1DD4946584630AA01F096FA1C
:101D580000287FF484AEDDE931320DF1CC08E6E7E6
:101D68001AF0010F7FF4D1AE0123072FCDE93175A9
:101D7800C8F80060C8F804307FF7F8AE58460A99EA
:101D880030AA01F07BFA00287FF469AEDDE93175ED
:101D98000DF1CC09EAE6319A102F714641F318800B
:101DA800DFF85CC240462094B046102564460A9E7F
:101DB800CDF854C0219304E0103F102F00F1080023
:101DC80015DD01321031072AC0E90045CDE931217E
:101DD800F2DD3146584630AA01F050FA00287FF467
:101DE8003EAEDDE93121103F102F33A8E9DC46462D
:101DF800DDE92043804615987D18C8F80000501C7E
:101E08000728CDE93105C8F8047000F368839DF808
:101E18008F2008F10808002A40F0E380002B3FF4E7
:101E280091AA1346FFF77CBA119B012B7FF79EAE50
:101E3800112B41F3AF81714B2A46079410261D469A
:101E48000A9C159307E009F10809A8F11008B8F1F0
:101E5800100F40F3108401371032072FC9E90056DC
:101E6800CDE93172EFDD2146584630AA01F006FA75
:101E780000287FF4F4ADDDE931720DF1CC09E4E717
:101E880058460A9930AA01F0F9F900287FF4E7AD1D
:101E9800329D0DF1CC08FFF75BBA2D238DF88F30FA
:101EA800079B6D4267EB4707002BFFF60AAD0A2D2B
:101EB80077F100032AF0800AFFF408ADCDE90B8919
:101EC80006944FF0000EDDF868905CA90AF480646F
:101ED80025E0EB194B4843F10003A0FB032020F059
:101EE800030202EB90029B1A4FF0CC32A846BC4684
:101EF800EB1A02FB03F2434867F1000700FB0722D5
:101F0800A3FB0053B8F10A0F13444FEA55057CF1BF
:101F1800000C314645EAC3754FEA53072DD3DFF865
:101F2800E4C0EB1943F10003ACFB032020F00302EB
:101F380002EB90029B1AEB1AA3FB0C3267F100002C
:101F48000CFB00225B0843EAC27303EB8303A5EB97
:101F5800430330330EF1010E4E1E01F8013C002CF4
:101F6800B7D099F800307345B3D1BEF1FF0FB0D0A8
:101F78000A2D77F1000380F0B383079A5CAB9B1BB3
:101F88009A42B8BF1A46069CCDF86890DDF82C80B6
:101F9800DDF83090CDF844E00C9306929DF88F3030
:101FA800A2E458460A9930AA01F068F900287FF49B
:101FB80056ADDDE931750DF1CC09BDE558460A99F4
:101FC80030AA01F05BF900287FF449ADDDE93175ED
:101FD8000DF1CC09A3E51AF0010F3FF4CCA9FFF7E6
:101FE800DDBA1F460023FFF789B90E9B1A1D0E9B09
:101FF8008A461D680E92EF173B4650E400AE000873
:1020080010AE0008CDCCCCCC0E9A1AF0100052F8C5
:10201800043B41F028811AF0400100F0E6818DF878
:102028008F009BB2002707991D46B942C0F2E8818C
:102038002AF0800A002B40F0E381079B0E92002BC8
:102048003FF411AC002541E41AF0100F40F0C282B1
:102058001AF0400F40F02B841AF4007F00F0BA8287
:102068000E9A08991268117060E451460DE40E9BAF
:102078001A1D0E9B00211B680E92FFF76EBB50467F
:10208800FFF762BBDDE9120102460B4608F0ECFCE3
:102098000546002841F01080B9F1610F00F09085E5
:1020A800B9F1410F00F0B786079B013300F09C841B
:1020B8004AF48072B9F1670F139B069200F02B87E0
:1020C800B9F1470F00F027870B90DDE91212002ABB
:1020D800C0F2198700231593DDE91223CDE91C23EB
:1020E800A9F14103252B00F2F183DFE813F0D406B0
:1020F800EF03EF03EF038504ED04EF03EF03EF03B2
:10210800EF03EF03EF03EF03EF03EF03EF03EF0337
:10211800EF03EF03EF03EF03EF03EF03EF03EF0327
:10212800EF03EF03EF03EF03EF03EF03EF03D4062F
:10213800EF03EF03EF038504ED04B3481AF0200F13
:1021480000F07E810E9B073323F007031A465D6873
:1021580052F8083B0E921AF0010140F05D81079A8F
:102168008DF88F10002AC0F28C8153EA05022AF4F8
:10217800906A00F0958103F00F02825C1B0943EA24
:1021880005738DF86F212A0953EA15150DF26F169C
:102198000BD003F00F05455D1B0943EA02731209D2
:1021A80006F8015D53EA0205F3D1079A5CAB4FF0DC
:1021B800000C9B1B9A42B8BF1A46CDE90FCC0C9372
:1021C8000692CDF82CC0CDF850C000293FF48BA85A
:1021D800DDE93105069BAE46023306931AF0840307
:1021E800024604D1099F06997F1A002F06DCBCF12C
:1021F800000F3FF495A80227FFF780B80223CBE52C
:1022080082489BE70E92814A03F00F06104602218E
:102218004FF07809925D4AF0020AAFE701220E9B5F
:1022280006921B6843AE8DF80C310C92FFF735B956
:1022380058460A9930AA01F021F800287FF40FAC1B
:10224800329D0DF1CC08FFF7B7B94021584603F08D
:1022580061FC0A9B18601861002801F00780402380
:102268000A9A5361FEF73ABF079B3246062B28BFEE
:10227800062307960B96CDE90F22654E06930E9717
:102288000C931492FFF72FB8102F319B40F37E87E1
:10229800604842462946A0464FF0100905460A9C68
:1022A800159004E00832103F102F40F36C82013380
:1022B8001031072BC2E90059CDE93131F2DD214651
:1022C800584630AA00F0DAFF00287FF4C8ABDDE9F1
:1022D800313133AAE7E71F46119A109BB218002B39
:1022E8002946DDF850900792CDF854A04246DDF813
:1022F80068A01B9DDDF828800F94149631DDB9F194
:10230800000F40F3038109F1FF393198199B01301F
:1023180029440728C2E900353291319000F39D80A5
:102328000832079B9AF80000DE1B8642A8BF0646C3
:10233800002E0CDD3198314401300728C2E90076BF
:102348003291319000F32C819AF800000832002E67
:10235800B4BF0446841B002C15DC0744109B002BDB
:10236800CDDCB9F1000FCEDC9046149E119A3B46A5
:10237800B2189742CDF868A00D4628BF13460F9CA7
:10238800DDF854A092E4102C3198224B1FDD102662
:102398000C9304E0103C102C02F1080216DD013009
:1023A8001C4B10310728C2E90036CDE93101F1DDB7
:1023B8004146584630AA00F061FF00287FF44FAB31
:1023C800DDE93101103C102C33AAE8DC0C9B01300C
:1023D80021440728CDE931011360546000F382835A
:1023E8009AF8000008320744B8E71AF4007740F07A
:1023F800568207991D4600298DF88F70BFF618AED2
:102408000E92FFF75EBA00BF88AB000874AB0008F5
:102418009CAB000800AE000853EA050237D0302212
:102428008DF8902000228DF88F20079A8DF89190D2
:10243800002A23DB2AF49062022142F0020A9AE67B
:102448000E9A1AF0100F52F8043B0E9214D11AF09B
:10245800400F0DD000259BB27DE64146584630AA74
:1024680000F00CFF00287FF4FAAA329933AA58E743
:102478001AF4007F40F0188200256CE602214AF029
:10248800020A03F00F02825C2AF4806A76E60021D1
:10249800079B8DF88F108B42C0F26D812AF4906AE9
:1024A800079A002A00F0A580012AB8BF0122037804
:1024B80006928DF86F31012200230C92CDE90F337B
:1024C8000B930DF26F161493FEF70DBF079B5CAECE
:1024D800CDE90F330C9314930B93FEF704BF5846C2
:1024E8000A9930AA159300F0C9FE00287FF4B7AA0C
:1024F8009DF88F20329D159B002A00F0B3801F465F
:102508000DF1CC0803463198FEF7F8BE109B0AF18E
:10251800FF3A013B1093F8E658460A9930AA00F0B2
:10252800ADFE00287FF49BAA329D0DF1CC08FFF781
:1025380030B8082200212EA8279601F0A5F8079B9D
:10254800002BC0F23381002506940B972C461F46BA
:102558000FE02EAB584643A904F06AFF431C05F16F
:102568000405204400F01B85B84206DC00F06C85A9
:102578000446279B5A59002AEBD10C940B9F069CC2
:1025880021E11546159A01333544072BC8F8002078
:10259800C8F80460CDE931357EF7EBAEFFF79FBA96
:1025A8004146584630AA00F069FE00287FF457AA31
:1025B8009AF80000329933AAC9E658460A9930AA0F
:1025C80000F05CFE00287FF44AAA329D0DF1CC0889
:1025D800FEF7B8BE0E9A089912681160FFF7A6B9FF
:1025E800B6480E9201F00F024FF078090221825C82
:1025F800C4E5079BFFF737B9169B17985A19C8E91E
:102608000003319B32920133072B319300F3DE81B3
:1026180008F108080029BFF656AA4F42103180F287
:102628009984DFF89C921025CDF8549005E008F1C4
:102638000808103F102F40F38F8401331032072B06
:10264800C8E90095CDE93132F1DD58460A9930AA3A
:1026580000F014FE00287FF402AADDE931320DF102
:10266800CC08E6E7002B00F01681134631980DF1EF
:10267800CC08FEF755BE1546079C0137159B454407
:10268800072FCDE93175C9F80030C9F804807FF704
:102698006BAAFFF773BB1AF400711CBF0021DBB2F1
:1026A800FFF75BB81AF4007F14BF45F3C017EF17A4
:1026B8003B4618BF6DB2FFF7F2B82D238DF88F3067
:1026C80003230C930423B9F1470F0B95069300F3EA
:1026D8004581CDE90F557B4E07951495FEF703BE4E
:1026E8001B9A1999A6EB0208404601F011F899F8CF
:1026F80001300BB109F101094FF0CC314FF0010E57
:10270800714AEB1943F10003A2FB030C2CF0030000
:1027180000EB9C001B1AEB1A03FB01F167F10007A1
:10272800A3FB023002FB071123FA0EF3014443EA2C
:10273800C17521FA0EF7EB1943F10003A2FB031050
:1027480020F0030101EB90015B1AEB1AA3FB0231A5
:1027580067F1000002FB001223FA0EF343EAC2738A
:1027680003EB8303A5EB4303303308F1FF3608F886
:10277800013CFFF7F6BB03782AF4806A8DF86F31C5
:102788000DF26F1611E544460D4690460133159A31
:102798003D44072BCDE93135C8F80020C8F804704E
:1027A80000F3078108F10808FFF77ABA2EAB009307
:1027B80000235846194627AA04F090FE0C900130D1
:1027C80000F0ED8327960C9B002B39D0632B00F388
:1027D800E680002343AE0B93082200212EA800F0C8
:1027E80053FF0C9D2EAB009331462B46584627AA23
:1027F80004F074FE854240F0318500230C9A07935B
:10280800B35422EAE2719DF88F2006910E97002AB0
:1028180000F0FC82069ACDE90F3301320692149338
:10282800FEF761BD58460A9930AA00F027FD002836
:102838007FF415A92599329D0DF1CC08FFF72CB925
:102848009DF88F300E97003B18BF012306930C9B11
:10285800CDE90F33079314930B93FEF744BD9DF80E
:102868008F3006920C925CAEFFF73EB8079B4FF094
:1028780078099C46CDE90F330E9214930C93069376
:102888005CAE0B93A4E47718FF1A8E1AB742A8BF60
:102898003746FFF738BA0DF1CC08FEF753BD8DF86F
:1028A8008F10DBB2FFF7BEBB0025DBB253E40E9AF4
:1028B800089912681180FFF739B800BF74AB000897
:1028C80000AE000864AB0008CDCCCCCC079B5846C2
:1028D8000193022300932EAB049327AB039325ABFC
:1028E8000293DDE91C2301F043FF06461AF0010FAD
:1028F80040F08282259A2E9BD11CA3EB06031193EC
:102908000F92C0F2288207999142C0F2388193420F
:1029180000F3AA820F9B0C931AF4806F03D00F9BCD
:10292800002B00F34D834FF067090C9BDDF818A0CE
:1029380023EAE3730693002314931093159B0AF07C
:102948000201002B00F0C4804FF02D0C8DF88FC0D1
:10295800069B013306930023079336E4CDE90F5510
:10296800964E07951495FEF7BEBC304601F000FE62
:102978009DF88F3020EAE0720C9006920E97002B9B
:102988003EF471AEFEF76DBE0A9C5846214630AA49
:1029980000F074FCA38903F04003FEF780BC58469E
:1029A800591C03F0B7F80646002800F051840B9034
:1029B80012E758460A9930AA00F060FC00287FF414
:1029C8004EA8329D0DF1CC08FFF76AB958460A990E
:1029D80030AA00F053FC00287FF441A8DDE9313229
:1029E80025990DF1CC0815E6062307934AF4807360
:1029F8000B900693FFF769BB0223079A01321192E5
:102A080000932EAB119D049327AB039325AB01953F
:102A180002935846DDE91C2301F0AAFE29F020079D
:102A2800462F064605446BD0DDE91C010022002331
:102A380007F0E8FF002840F0FC822E9B9D4288BFEB
:102A4800452740F2F48230215A1C2E9219702E9B91
:102A5800AB42F9D39B1B1193259B472F0F9300F093
:102A68008680462F62D00F9B8DF8A090013B002BEB
:102A78002593C0F277812B22092B8DF8A12000F332
:102A88007A8130228DF8A2200DF1A302303302F8AA
:102A9800013B28ABD31A1893119B189A012B1A449F
:102AA8000C9240F377820C9B169A13440C932AF4E9
:102AB800806343F4807A00230C9ACDE90F3322EA2D
:102AC800E2721493069239E7079B1193032397E761
:102AD8009DF88FC0BCF1000F7FF43AAF159B0793A8
:102AE800FFF773BB4146584630AA00F0C7FB0028E1
:102AF8007EF4B5AF9AF80000329933AA07442DE462
:102B08003378302B00F08682259B1D440022DDE9B6
:102B18001C01002307F076FF18BB2E9BAB4292D313
:102B28009B1B1193259B472F0F9320D00F99079A32
:102B38000AF00103002943EA020340F33F83002B14
:102B480040F07A824FF066090F9B0C931AF4806F5D
:102B580040F038820C9BDDF818A023EAE373069353
:102B6800E9E6259B0F93AB1B472F1193DED10F9BF3
:102B78000333C0F2F080079B0F9A934210DA0F9B41
:102B8800A9F10209013B002B8DF8A0902593BFF60F
:102B980072AF2D220F9B8DF8A120C3F1010370E7BE
:102BA800119B0F9A934200F35F811AF0010F0F9B5C
:102BB80000F0DB82169A13440C93ADE668AB00086C
:102BC80047F63003ADF89030079B4AF0020A632BB2
:102BD80000F38A81DDE91212002AC0F25481DDE98E
:102BE800120125AA01F0F2FC00224FF07F5307F0F2
:102BF800A1FC02460B46CDE90C230022002307F076
:102C080001FF002800F072820123159525930B958A
:102C180043AEAF4B0693CDE90F48DDE90C45CDF83F
:102C28004490079FDDF81890CDF850A0189607E05B
:102C38000022002307F0E6FE002840F025825746D0
:102C48000022A44B2046294607F074FC0D46044692
:102C580007F020FF804607F003FC02460B4620469B
:102C6800294607F0AFFA19F80830324604460D46EF
:102C780007F1FF3A06F8013B002FD9D10792964B8E
:102C88000022CDE90C45474635460F9CDDF84490B7
:102C9800DDF850A0189EDDF8408007F0DBFE40B953
:102CA800DDE90C0100228C4B07F0ACFEE0B1F8071F
:102CB8001AD5079B2E93069B15F8012CD97B2B461A
:102CC800914209D1302003F8010C2E9B5A1E2E92F6
:102CD80013F8012C8A42F6D0392A0BBF069A013222
:102CE800927AD2B203F8012C259AAB1B1193B9F151
:102CF800610F02F1FF33259300F0258250214FF038
:102D08004109002B8DF8A010C0F214822B22092B48
:102D18008DF8A1202FDC0DF1A202B7E658460A99DA
:102D280030AA00F0ABFA00287EF499AE329D0DF17E
:102D3800CC08FEF7ACBF58460A9930AA079300F0B2
:102D48009DFA00287EF48BAE259A329D079B0DF1E3
:102D5800CC08FEF7C1BF0F9BA9F10209013B8DF812
:102D6800A09025932D230F9A8DF8A130C2F101036D
:102D78000832BFF686AE0DF1AF073A46DFF85CC100
:102D88001046ACFB0321C90801EB8102A3EB420208
:102D98003032632B00F8012C0B4600F1FF32EFDCD8
:102DA800303302F8013C831EBB4280F01E820DF1D5
:102DB800A10213F8011BBB4202F8011FF9D103F568
:102DC800B8736B44CC3B1B1A28AA9B1A189363E66A
:102DD80043481590FFF70FB858460A9930AA00F0F3
:102DE8004DFA00287EF43BAE259E119B329D0DF1D5
:102DF800CC089E1BFEF787BF079B4727F51885E67B
:102E080000230C460793FEF7A6B90B93CDE90F33C1
:102E18001493FEF768BA45F63003ADF89030079B77
:102E28004AF0020A632B5FDCDDE9121282422ADBD8
:102E3800DDE9120125AA01F0C9FB00224FF07F53FA
:102E480007F078FB02460B46CDE90C23002200234D
:102E580007F0D8FD08B1012325930023214A1593D3
:102E6800069243AE0B93D6E6119B169A9A180F9BBF
:102E78000C92002B40F3EE804FF0670966E6184A83
:102E88001592FEF7CABE1C912D2102F100430B9545
:102E9800159143AE1D9325AADDE91C0101F096FBAF
:102EA80000224FF07F5307F045FB02460B46CDE961
:102EB8000C230022002307F0A5FD08B10123259368
:102EC800B9F1610F3FF4A5AE064B0693A3E600BF28
:102ED80074AB0008000030400000E03FCDCCCCCC03
:102EE80010AE000888AB0008079B5846591C02F032
:102EF80011FE0646002800F03F814AF480730B90CB
:102F08000693FFF7E2B81C912D2102F100431591B9
:102F18001D93FFF7E5B8079A002A00F01681002BE9
:102F2800C0F24381DDE91223CDE91C231595079BE7
:102F380058460193022300932EAB049327AB0393C7
:102F480025AB0293DDE91C2301F012FC00230646A1
:102F58000B93CBE4A6491591013315993A44072BF5
:102F6800CDE93132C8F80010C8F804707EF7A9AD71
:102F780058460A9930AA00F081F900287EF46FAD0E
:102F8800DDE931320DF1CC08FEF79DBD984B159364
:102F9800FEF74EBD1AF0010F3FF489AD83E500221C
:102FA8000A9B0B929B8943F040030A9A9381FEF790
:102FB80056BD03220023CDE90B320422FEF78EB959
:102FC8004FF067091A990B78FF2B00F03A8100251A
:102FD8000F9A284603E001300131FF2B08D09342B5
:102FE80006DAD21A4B78002BF5D10B780135F4E7C5
:102FF800CDE90F201A911495109A149B1B9913442C
:103008000C9ADDF818A001FB03230C9323EAE37361
:10301800069393E40022DDE91C01002307F0F2FC8B
:10302800002800F09D80259B0F931D449BE59B1B6A
:103038001193259B0F9316E5169B02EB01094B4450
:103048000C934FF0660981E5079B069C0B9F0C9338
:10305800FFF7B9BBC3F101031A4422EAE273DDF8B2
:1030680018A04FF067090C92069364E40E97002BA2
:1030780042D0079B4FF073090C930133CDE906301A
:1030880014901090FEF72FB907975746DDE90F48BF
:10309800002F3546DDF84490DDF850A0189EFFF665
:1030A80023AE2B4630220799294403F8012B8B4283
:1030B800FBD12F447D1C17E6139B2AF0800A13F0DE
:1030C80000430F9323D02D2303228DF88F30002344
:1030D800CDE90B320422B9F1470F06925EDDCDE946
:1030E8000F33444E07931493FEF7FDB8424B1590E7
:1030F800069343AE0B908EE5079B4FF073090C9334
:1031080006930B9B149310930793FEF7ECB89DF866
:103118008F30B9F1470FCCBF364E384E002B40F0F8
:103128008580032207930C92149310930B930692B5
:10313800FEF7D9B82D238DF8A130C2F1010308326A
:10314800FFF619AEE7E57021DBE5934258DB079BF4
:10315800159301230793DDE91223CDE91C23E6E645
:10316800119BC3F101032593CFE40C93FFF7D4BB64
:103178001F4A1592FFF706BA0A9A938943F040034B
:1031880093814FF0FF330893FEF78CB8184A1592D5
:10319800FFF7FCBA164B1593FFF76FBACDE90F335B
:1031A800164E07931493FEF79EB82D21DDE91223DE
:1031B80003F100431C9215911D93B8E6DDF818A0A1
:1031C80033B901234FF0660906930C93FFF7B3BB9D
:1031D800169B03F10109079B4B440C9323EAE37305
:1031E8004FF066090693FFF7A6BB0223189353E432
:1031F80000AE000870AB000874AB00086CAB0008A8
:103208002D21DDE912231591012103F100431C92C0
:1032180007911D938BE60E9A63780C4652F8041BAF
:103228000E9241EAE1720792FDF793BF0322002351
:103238000C92042207930692149310930B93FEF7B3
:1032480052B8002314931093D6E65146FEF7CFBE2A
:103258000A9B0B909B8943F04003A6E60A9B9B8937
:1032680043F04003A1E65146FEF7C7BA0C23CBF85A
:10327800003086E75046FEF7FCBE00BF2DE9F0415E
:103288001546926802B32C6807468846083402E05F
:1032980013460834C3B16B68591E002B696013DDEF
:1032A80054F8046C002EF3D033464146384654F89F
:1032B800082C04F039F9431C07D0AA680834921B7B
:1032C8001346AA60002BE6D100200023C5E901338C
:1032D800BDE8F081024A0349034800F069B900BF1C
:1032E80008020020F9750008080000200C4B41680E
:1032F80010B59942044601D004F07AF9A168094B47
:10330800994202D0204604F073F9E168064B9942CD
:1033180004D02046BDE8104004F06AB910BD00BFD3
:103328002C09002094090020FC09002008B54B6EE8
:10333800DA0702D48B899B0501D5002008BD886D6A
:1033480000F090FF002008BD08B54B6EDA0702D4E4
:103358008B899B0501D5002008BD886D00F08AFF88
:10336800002008BD2DE9F84300250423304C314ADC
:103378003149DFF8C890DFF8C880324F324E11600B
:1033880004F15C0029460822C4E90335C4E9005564
:10339800C4E90555A560656600F076F904F15800A2
:1033A800C4E90749C4E90987E66200F053FF274BDF
:1033B8002946082204F1C4006367C4E91A55C4E920
:1033C8001E552567C4F8CC50C4F8805000F05CF94D
:1033D80004F1680304F1C000C4F88430C4E92298F9
:1033E800C4E9247600F036FF194B294604F5967097
:1033F8000822C4F8DC30C4E93455C4E93855C4F8A7
:10340800D850C4F83451C4F8E85000F03DF904F13C
:10341800D003C4E93D87C4F8F09004F59470C4F86B
:10342800FC60C4F8EC30BDE8F84300F013BF00BFFF
:103438002C090020640A0020DD320008FD35000850
:10344800253600086536000889360008090001009D
:1034580012000200F8B507462A4800F003FF2A4B7D
:103468001B68002B43D0294E7368013B26D4B468EF
:1034780003E05A1C04F1680420D0B4F90C50013B55
:10348800002DF6D1224B04F15800E360656600F088
:10349800E1FE1C4800F0EEFE08222946C4E9015569
:1034A800C4E904552560A56104F15C0000F0ECF85E
:1034B800C4E90C55C4E911552046F8BD35680DB16D
:1034C8002E46D1E74FF4D671384602F023FB044666
:1034D80080B104230560294625460C304FF4D0728C
:1034E800A060636000F0D0F834602E46BCE7FFF7B8
:1034F80039FFB8E70348346000F0BCFE0C233B609A
:10350800DAE700BF4C0C0020640A00200802002003
:103518000100FFFF10B504460A4800F0A3FE636BE4
:1035280023B9094B094A1B68626323B1BDE81040FF
:10353800044800F09FBEFFF715FFBDE810400148A2
:1035480000F098BE4C0C0020640A0020F5320008F8
:10355800014800F087BE00BF4C0C0020014800F075
:1035680089BE00BF4C0C002008B5054800F07AFE63
:10357800BDE808400020034A034900F019B800BF1D
:103588004C0C0020080200203533000808B5002044
:10359800044A054900F00CF8BDE80840034800F06B
:1035A80069BE00BF08020020513300084C0C0020FF
:1035B8002DE9F84380460F464FF000091646756816
:1035C800013D11D4B468A389012B08D9B4F90E3090
:1035D800013304D021464046B84749EA0009013D75
:1035E8006B1C04F16804EED13668002EE7D148461A
:1035F800BDE8F88310B50C46B1F90E1000F0FCFDDB
:10360800002803DB236D0344236510BDA38923F43D
:103618008053A38110BD00BF002070472DE9F04101
:103628001F46B1F90C301646DA050C4605460BD490
:1036380023F48051A1813B4632462846B4F90E1046
:10364800BDE8F04100F0EEBD02230022B1F90E10F2
:1036580000F0BCFDB4F90C30EAE700BF10B50C4629
:10366800B1F90E1000F0B2FDB4F90C30421C0EBFD7
:1036780023F4805343F480532065A38110BD00BF19
:10368800B1F90E1000F05ABD30B5840786460346DE
:1036980006D0A2B303F8011B980702F1FF32F8D154
:1036A800032A26D95FFA81FC0CEB0C2C0F2A0CEBB1
:1036B8000C402AD922F00F0C9C44C3E90000C3E94E
:1036C800020010336345F8D112F00C0F02F00F0519
:1036D80017D01A464FEA950C0CF1FF3403EB8C0C0B
:1036E80042F8040B6245FBD1043305F0030203EBF7
:1036F800840322B11A4403F8011B9A42FBD1704695
:1037080030BD2A46002AF5D1F9E71546E1E700BFA2
:1037180010B504460843830724D1032A22D90B464F
:10372800A44618681946A0F1013323EA000313F0F0
:10373800803F18D1043A032A4CF8040B01F1040322
:10374800EFD8194601F1FF3E52B163461EF8011F3A
:10375800501E03F8011B49B102469C46002AF4D1C9
:10376800204610BDA44601F1FF3EEDE79444002831
:10377800F6D003F8011B6345FBD1204610BD00BFFE
:103788002DE9F041884600F1200700F1400639464E
:1037980000F1E005404600F04DFE3446214638462B
:1037A80000F06AFD203420B9AC42F7D14046BDE8AC
:1037B800F0810649404604F04BF931464046203630
:1037C80004F046F9AE42F4D1F0E700BFA8AB000818
:1037D8002DE9F04F00EB411506460F468FB02946FC
:1037E8001046144600F048FD18B928460FB0BDE849
:1037F800F08F2046A04900F03FFD002800F0BD8072
:1038080020469E4900F038FD002800F0AF8023785C
:10381800432B00F0B780613B192B13D86378613BC9
:10382800192B0FD8A278A2F16103192B96BFE27861
:10383800A31CE31C5F2A0AD02E2A00F0BD8212F0D6
:10384800BF0F0FD0002528460FB0BDE8F08F5A787B
:10385800413A192AF6D89A78413A192AF2D8DA78E8
:103868000333E9E7864906A8019300F0E3FD019BCD
:103878000DF118081A78402A00F08D824FF00009DF
:103888004FF0000A4FF0000B9DF81830413B342BE5
:10389800D8D801A252F823F0173D00084D38000887
:1038A800B93C00084D3800087D3C00084D38000838
:1038B800493C00084D380008A93B0008893B00082E
:1038C800C93A00084D3800084D3800084D3800083E
:1038D8004D380008693A00084D3800084D3800088E
:1038E800493A00080D3A0008BF3900084D38000869
:1038F8004D3800084D3800084D3800084D3800088C
:103908004D3800084D3800084D3800084D3800087B
:103918004D3800084D380008173D00084D3800089C
:10392800B93C00084D3800087D3C00084D380008B7
:10393800493C00084D380008A93B0008893B0008AD
:10394800C93A00084D3800084D3800084D380008BD
:103958004D380008693A00084D3800084D3800080D
:10396800493A00080D3A0008BF390008454906A839
:103978000DF1180800F05EFD80E720463F4900F091
:1039880059FD3DE763782D3B012B3FF65BAFA11C4A
:103998000DF118084046894600F04CFD402140468C
:1039A80004F08CF808B100230370404600F0E0FDF5
:1039B80009EB00035EE74046334904F025F830B1CF
:1039C8004046324904F020F800287FF43BAF4046D7
:1039D8002D4900F02FFD06232D4A01932D4B022F70
:1039E80000F0B081062F04D1414606F2322000F0E3
:1039F80021FD2146284600F01DFD054628460FB04A
:103A0800BDE8F08F03224046234904F0D3F800288C
:103A18007FF418AF9DF81B3020492D2B14BF0DF1F2
:103A28001B0007A800F028FC00287FF40BAF4046D5
:103A38001B4900F0FFFC01231A4A01931A4BCEE7F9
:103A480040461A4903F0E0FF00287FF4FBAE4046E9
:103A5800164900F0EFFC0223154A0193154BBEE707
:103A68004046154903F0D0FF00287FF4EBAE4046EE
:103A7800124900F0DFFCDEE7ACAB0008B4AB00088D
:103A8800C0AB0008B8AB0008ECAB0008F4AB00080A
:103A980045720008E16000087CAC000880AC0008B2
:103AA80084AC000825720008B560000810AC000856
:103AB800ED720008196300086CAC000874AC0008CB
:103AC80004224046BD4904F075F800287FF4BAAED8
:103AD8009DF81C302D2B06BF9DF81D300DF11D02E1
:103AE80007AA522B00F029811378543B212B3FF66B
:103AF800A9AE01A252F823F0393D00082F3D000875
:103B08004D3800084D3800084D3800084D38000879
:103B18004D3800084D3800084D3800084D38000869
:103B28004D3800084D3800084D3800084D38000859
:103B38004D3800084D3800084D3800084D38000849
:103B48004D3800084D3800084D3800084D38000839
:103B58004D3800084D3800084D3800084D38000829
:103B68004D3800084D3800084D3800084D38000819
:103B7800433D00084D380008393D00082F3D000836
:103B880040468F4903F040FF00287FF45BAE404673
:103B98008B4900F04FFC08238A4A01938A4B1EE7A1
:103BA80003224046894904F005F800287FF44AAE0C
:103BB8009DF81B3004222D2B14BF0DF11B0307ABFE
:103BC80018468349019303F0F5FF00287FF43AAEC5
:103BD800019B05A91A792D2A18BF181D4FF00A0252
:103BE80008BF581D03F002FB421E0F2A3FF62AAEFB
:103BF8000C283FF427AE059A1278002A7FF422AEEB
:103C080074490190404600F015FC019B72480A2B4C
:103C1800C4BF31228DF821204FF00002CCBF0DF136
:103C280022010DF121014A7080FB0320DA17C2EB53
:103C3800A00202EB8202A3EB420330330B70FAE6D8
:103C480008224046654903F0B5FF00287FF4FAAD25
:103C58009DF8203062492D2B14BF08A80DF12100D2
:103C680003F0D2FE00287FF4EDAD40465D4900F038
:103C7800E1FBE0E6032240465B4903F09BFF002896
:103C88007FF4E0AD9DF81B3058492D2B14BF0DF182
:103C98001B0007A803F0B8FE00287FF4D3AD404608
:103CA800534900F0C7FB0323524A0193524B96E64F
:103CB8009DF8193003F0DF03502B7FF4C3AD0222C7
:103CC8004E494046FFF724FD0A2205A90DF11A00C6
:103CD80003F08CFA059B1B78002B7FF4B3ADB0F58D
:103CE800697F3FF4B8AE00F3A18040F26A3398428E
:103CF8003FF7A8AD40F25133984240F3AF80404BB4
:103D0800A0F25230C340DB073FF595AE9AE5404636
:103D18003C4903F079FE00287FF494AD40463949C8
:103D280000F088FB87E64046374900F083FB82E6CF
:103D38004046364900F07EFB7DE64046344900F0B7
:103D480079FB78E6414606F21220CDE9022300F01D
:103D580071FB029A039B019F41463046C6F8C82171
:103D6800C6F8CC3186F8107203F0D8FBB9F1000F11
:103D78000BD1BAF1000F08D1012F06D09DF81830E9
:103D8800B3F1550918BF4FF00109BBF1000F0ED16F
:103D9800C6F8D0912DE61F49581C03F1010B00F01D
:103DA8006BFA8246C0BB81464FF0010B6CE54FF0C1
:103DB800FF33C6F8D0311CE6591CE9E534AC0008DD
:103DC800FCAB0008B97300089164000818AC00083F
:103DD8001CAC000824AC00086766666654AC000892
:103DE80060AC000864AC000800AC000804AC000833
:103DF80008AC000845730008B563000830AC00083B
:103E0800A5110101B8AB000844AC00084CAC00088F
:103E18003CAC0008CCAB000858461B4900F02CFA13
:103E2800814670B983464FF0010A2DE540F265439B
:103E380098423FF400AEA0F2E24008287FF6FBADBE
:103E480000E55846114900F017FAB0FA80F94FF02A
:103E5800000A4FF0000B4FEA591915E540F2E1232B
:103E680098423FF4E8AD09DC40F2B51398423FF4BC
:103E7800E2ADB0F5347F7FF4E5ACDCE540F2073322
:103E880098427FF4DFACD6E5D8AB0008E4AB000875
:103E980038B50D460E49044601F034FE08B10378E2
:103EA80093B90C4B204653F8251001F02BFE08B1AE
:103EB80003784BB92046084901F024FE28B102785E
:103EC800064B002A08BF184638BD044838BD00BF55
:103ED8008CAC000874B0000894AC0008680400209A
:103EE8002DE9F04F062983B0009067D88A46164618
:103EF800002A00F0A4807D4F7D4D07F120094C4633
:103F0800AB4607F1E00859462046203400F092FA03
:103F180044450BF1200BF6D13378ABBBBAF1000F57
:103F280040F092804E46012421460098FFF7B0FFEA
:103F3800074600F01DFB1F2840D83046394601349B
:103F480000F078FA072C06F12006EDD1DFF8A481FD
:103F58004F46464601242946304600F06BFA3A4659
:103F680021466548FFF734FC2036203520370028E5
:103F78007AD00134072CEED16049A1F1E00003B0FA
:103F8800BDE8F04FFFF7FCBBBAF1000F1ED030467A
:103F980000F0EEFA1F2811D807EB4A1731463846C9
:103FA80000F048FA51463A465348FFF711FC534986
:103FB8000446A1F1E000FFF7E3FB03E01626002426
:103FC800009B1E60204603B0BDE8F08F2F213046CD
:103FD80003F074FD044600286AD042782F2A08BFEF
:103FE800431C04D11C4613F8012F2F2AFAD0002AAB
:103FF800E4D04B464FF0010AA21B1F2ADEDC18460C
:1040080001323146019303F0C1FD2278019B2F2A2A
:104018000AF1010A03D114F8012F2F2AFBD0002A34
:1040280054D0214611F8012F0AB12F2AFAD1BAF13A
:10403800070F03F1200389D026460C46DCE7A9B315
:104048002D4C04EB4114BDE751460098FFF720FFC3
:10405800044600F08DFA1F28B0D807EB4A1721460E
:10406800384600F0E7F99DE7009B012C1E68A6D0B2
:10407800012506E00135A54209F1200908F12008CB
:104088009DD04146484600F0D5F94A4629461A4887
:10409800FFF79EFB0028EDD14846194900F0CAF900
:1040A8004A4629461448FFF793FBE3E7134C89E790
:1040B800304600F05DFA1F2880D84C46204631462D
:1040C800203400F0B7F94445F8D13FE7BAF1070FBB
:1040D80018BF07EB4A173FF439AF3846A7F120015C
:1040E800203700F0A7F94745F7D12FE7480B002004
:1040F80034020020880A002014020020F402002064
:10410800B4AB0008014B93F810027047140200206A
:1041180003460A46024908681946FFF7E1BE00BF90
:104128000000002000F5EC70704700BF00487047A1
:10413800EC03002000487047EC03002038B500234A
:10414800064C05460846236005F0BEFE431C00D019
:1041580038BD2368002BFBD02B6038BD2C0C002009
:10416800194B1B6883422ED0416C70B5054681B14E
:1041780000268C593CB121462468284601F07EFB74
:10418800002CF8D1696C0436802EF2D1284601F053
:1041980075FBA96B11B1284601F070FB2C6C34B18A
:1041A80021462468284601F069FB002CF8D1E96C07
:1041B80011B1284601F062FB6B6B1BB12846BDE8C4
:1041C8007040184770BD7047000000208C461146AB
:1041D800002238B5074C0546226060461A4605F0AD
:1041E8009BFE431C00D038BD2368002BFBD02B60FE
:1041F80038BD00BF2C0C00208C461146002238B573
:10420800074C0546226060461A4605F08DFE431CA1
:1042180000D038BD2368002BFBD02B6038BD00BF11
:104228002C0C00208C461146002238B5074C054658
:10423800226060461A4605F08DFE431C00D038BD4A
:104248002368002BFBD02B6038BD00BF2C0C00204E
:10425800704700BF704700BF704700BF704700BF7E
:10426800704700BF704700BF0120704701207047AA
:10427800704700BF704700BF80EA010C1CF0030FB5
:1042880037D110F0030C20F0030021F0030150F89F
:10429800042B08BF51F8043B0ED08CF0030C6FF0D0
:1042A8007F434FEACC0C23FA0CFC51F8043B42EA5A
:1042B8000C0243EA0C0300BFA2F1013C9A4201BF81
:1042C8002CEA020C1CF0803F50F8042B51F8043BF8
:1042D800F2D04FEA02604FEA1222012828BFB0EB61
:1042E800036F08BF1B0AF4D003F0FF03000EC01AC7
:1042F800704710F0030F0AD010F8012B11F8013B9A
:10430800012A28BF9A42F4D0A2EB0300704720B4D8
:1043180050F8042B01F0030521F0030151F8043B88
:10432800022D27D04ED800BF22F07F45B5EB132FC2
:10433800A2F1013C2CEA020C0DD11CF0803C08BF14
:1043480051F8043B0AD185EA0205B5EB036F0CD19D
:1043580050F8042BE8E74FEA13235BE03CF07F4C6E
:1043680054D10B784FEA126554E04FEA126503F016
:10437800FF034FE04FEA0245A2F1013C4FEA154521
:104388002CEA020CB5EB134F18D11CF0803C08BF87
:1043980051F8043B07D185EA0205B5EB034F09D173
:1043A80050F8042BE6E75FEA0C4C2FD10B884FEA54
:1043B80012452FE04FEA03434FEA12454FEA1343F1
:1043C80028E000BF02F0FF05B5EB136FA2F1013C36
:1043D8002CEA020C0DD11CF0803C08BF51F8043BBC
:1043E8000AD185EA0205B5EB032F0AD150F8042B50
:1043F800E8E74FEA13630DE012F0FF0F06D051F81B
:10440800043B4FEA122523F07F4303E04FF00000FE
:1044180020BC704705F0FF0203F0FF00012828BF09
:10442800904204BF2D0A1B0AF4D0A2EB000020BC66
:10443800704700BF80EA0102844612F0030F4FD193
:1044480011F0030F32D14DF8044D11F0040F51F85B
:10445800043B0BD0A3F101329A4312F0803F04BF12
:104468004CF8043B51F8043B16D100BF51F8044BFB
:10447800A3F101329A4312F0803FA4F101320BD12B
:104488004CF8043BA24312F0803F04BF51F8043BB0
:104498004CF8044BEAD023460CF8013B13F0FF0F0D
:1044A8004FEA3323F8D15DF8044B704711F0010F40
:1044B80006D011F8012B0CF8012B002A08BF704711
:1044C80011F0020FBFD031F8022B12F0FF0F16BF08
:1044D8002CF8022B8CF8002012F47F4FB3D17047D0
:1044E80011F8012B0CF8012B002AF9D1704700BFF5
:1044F8008307C9B20DD00346BAB193F800C0184675
:104508008C4503F1010302F1FF320DD09807F3D176
:104518001846032A0BD842B1024402E00130824215
:1045280003D003788B42F9D170470020704700B55B
:1045380001EB012E0EEB0E4E03688EEA0303A3F186
:10454800013C2CEA030313F0803F05D1043A032A07
:1045580000F10400F0D842B1024402E00130824286
:1045680003D003788B42F9D100BD002000BD00BF05
:1045780020F0030110F00300C0F1000051F8043BE3
:1045880000F1040C4FEACC0C6FF000021CBF22FAB9
:104598000CF213434FF0010C4CEA0C2C4CEA0C4C77
:1045A800A3EB0C0222EA030212EACC1204BF51F870
:1045B800043B0430F4D0C2F1000102EA0102B2FA6D
:1045C80082F2C2F11F0200EBD20070472DE9784851
:1045D80015460024144E21F0004CB44502460B4603
:1045E8002C601DD85CEA00061AD02E460F4D8E4668
:1045F8000D404DB900220E4B05F09CFF6FF03504BD
:1046080002468E4621F0004C4FEA2C516FF31E5E95
:10461800A1F2FE3121444EF07F53316043F4001380
:1046280010461946BDE87888FFFFEF7F0000F07F4D
:10463800000050432DE9F04F03690C6985B0A3428F
:10464800C0F28F80013C01F1140500F1140855F8FF
:104658002430864658F8240001339842B0FBF3F61C
:1046680005EB840708EB840A42D3A9460195CDF8E7
:1046780008E00391002349460025A646C1464FEAB3
:10468800840B51F8040BD9F8004082B206FB02559E
:10469800000C4FEA154C06FB00CCADB2A2B2521B7F
:1046A8001A441FFA8CF3C3EB224303EB144392B270
:1046B80042EA03428F4249F8042B4FEA1C454FEA6D
:1046C8002343DED258F80B307446DDE902E1019D40
:1046D80073B9AAF10403984504D307E0984504F197
:1046E800FF3403D21A68043B002AF7D0CEF81040F2
:1046F8007046F14602F074FA00282EDB414600228B
:10470800013655F8040BD1F800C01FFA80FE1FFAD5
:104718008CF3A3EB0E031344020CC2EB234202EB0F
:104728001C429BB243EA0243AF4241F8043B4FEAC2
:104738002242E6D258F8242008EB84036AB9043BE5
:10474800984504D307E0984504F1FF3403D21A686A
:10475800043B002AF7D0C9F81040304605B0BDE840
:10476800F08F002005B0BDE8F08F00BF000000000A
:104778002DE9F04F16461F46816BA1B00446CDE9DE
:1047880004672D9D41B10123C26B93408B604A6041
:1047980001F04CFF0023A363B7F10009B4BF012364
:1047A80000232B60B64BBCBF29F00049CDF814900C
:1047B80033EA090300F0A580DDE904231046194611
:1047C80000220023CDE9020106F01CF9054668B174
:1047D80001232C9A13602E9B13B1AA4B2E9A1360B7
:1047E800A94B0793079821B0BDE8F08F1EAB019342
:1047F8001FAB00932046DDE9022302F055FB5FEA78
:1048080019538346DDF8788040F091801F9D454418
:1048180005F23243202B40F33182C3F1400309FAF9
:1048280003F905F2124326FA03F349EA030005F0F7
:1048380007FE0123013D1093A1F1F87319460022E8
:10484800924B05F0BFFC88A3D3E9002305F072FE64
:1048580087A3D3E9002305F0B7FC064628460F4690
:1048680005F0FEFD84A3D3E9002305F063FE0246AC
:104878000B463046394605F0A7FC06460F4606F0BB
:1048880009F9002281460A9000233046394606F08D
:10489800C3F8002840F019810A9EA8EB050808F122
:1048A800FF35162E089500F2FB80DDE90201784AF3
:1048B80002EBC603D3E9002306F0AEF8002840F067
:1048C800D78180450E9040F39A85354408950D961A
:1048D8000B9000230C932A9B092B3BD8052BC4BFB4
:1048E800043B2A932A9BC8BF0025A3F10203D8BF23
:1048F8000125032B30D8DFE813F0370234022902F0
:10490800CA0142F20F732C9AC9F3130959EA06092E
:10491800136018D12E9B002B00F03D875D4B079349
:1049280008332E9A0798136021B0BDE8F08F1095D0
:10493800DDE90201A3F2FF35C1F3130343F07F530E
:1049480043F440137AE72E9B002B40F09C81524B96
:10495800079347E700232A93002520462946E56365
:1049680001F03EFE0790002800F0B686079BA3637F
:104978001F9B002BC0F2B7800A9A0E2A00F3B3805F
:10498800DDE90289424B404603EBC203D3E9002329
:1049980016461F464946CDE9086705F0F5FE06F0BC
:1049A80079F8054605F05CFD32463B4605F0C2FD48
:1049B8004FF0FF3A0B4602464946404605F002FCD6
:1049C80005F13003079D05F8013BCDF808B00494C4
:1049D8004FF001095446DDE908AB1DE052465B463D
:1049E8003046394605F0D0FE06F054F8804605F00A
:1049F80037FD52465B4605F09DFD09F101090B465E
:104A080002463946304605F0DDFB08F13003A14582
:104A180005F8013B00F062850022204B05F08AFD75
:104A28000022002306460F4605F0ECFF0028D5D0EB
:104A3800A9460A9BDDF808B00133049C0493594643
:104A4800204601F0F3FD0023049A89F800302C9BDE
:104A58001A602E9B002B3FF4C5AE0798C3F8009050
:104A680021B0BDE8F08F00BF61436F63A787D23FD5
:104A7800B3C8608B288AC63FFB799F501344D33F45
:104A88000000F07FA5AB0008A4AB00080000F83FC9
:104A980080B10008E4AC0008F0AC00080000244035
:104AA80001230E93089B002BC0F2DC8000230B939C
:104AB8000A9B002B80F2D180DDE90A32D21A0B92D0
:104AC80000225B420D920C9305E7484605F0C8FCAE
:104AD80032463B4605F096FF00287FF4DDAE09F12B
:104AE800FF330A93D8E64FF0FF3A2B95CDF83CA058
:104AF800109A002A40F03B811E9BDDF83080C3F1FC
:104B08003603089A0B9F1A44012120460892FD1883
:104B180001F0A4FE0646002F40F0C0820C9B002B3B
:104B280000F0F783B8F1000F40F0DC8359462046C7
:104B38000C9A01F085FF012383460C93012120463E
:104B480001F08CFE0D9B0290002B40F060822A9BA6
:104B5800012B40F3CA820120089B184410F01F0063
:104B680000F00A811B2800F3DA820B9AC0F11C00BE
:104B78000244034405440B920893002D05DD594671
:104B88002A46204601F0B8FF8346089B002B05DD26
:104B98001A462046029901F0AFFF02900E9B002BA7
:104BA80040F01782BAF1000F40F3ED810C9B002B07
:104BB80040F031810A9B013304930125079FDDF8FA
:104BC800089007E0594600230A22204601F038FDE4
:104BD8008346013549465846FFF72CFD554500F1F7
:104BE800300807F8018BEDDBBAF1000F0AF1FF3549
:104BF800D8BF0025079B5A1C05EB020A0025594619
:104C08000122204601F078FF0299834601F0E8FF6F
:104C1800002840F38183079A02E0924500F0B983A7
:104C28001AF8013CD146392B0AF1FF3AF5D0013385
:104C38008AF800302046029901F0F8FC002E3FF473
:104C4800FEAE2DB1B54203D02946204601F0EEFC58
:104C58003146204601F0EAFCF1E6089A0D931A4421
:104C6800089236E6C8F101030B93002308931FE767
:104C78000A9B013B0A9300230E9313E7C3F1200319
:104C880006FA03F0D3E5AD4B0793033349E6012356
:104C980012932B9B0A9A134403F1010A5646012EDC
:104CA800B8BF01260F93172E40F36685012204230F
:104CB8005B0003F11400B042114602F10102F7D97A
:104CC800E163204601F08CFC0790002800F0048581
:104CD800BAF10E0FA06358D8002D56D00A9A002AB0
:104CE80040F35E83964902F00F0301EBC303D60538
:104CF8004FEA2215D3E9008940F11184DDE9020168
:104D0800904B0327D3E9082305F03EFDCDE91401B4
:104D180005F00F05002D00F024828A4E01E06D1089
:104D28000836E80703D46D100836E907F7D5D6E941
:104D380000234046494605F0FDFB6D108046894634
:104D480007F1010700F00D820836EEE70123129300
:104D58002B9B002B40F3B2812B9B9A461E460F9348
:104D6800A1E70023129394E700231293F0E7DDF8FC
:104D7800308003F23343C4E61C200B9B05440344F4
:104D88000B93089B03440893F7E61F9B002BC0F284
:104D980054810A9A0E2A00F35081694B1C930A9A8F
:104DA8001C9B03EBC203D3E90023CDE908232B9B0B
:104DB800002B80F2BB83BAF1000F00F3B78340F0F9
:104DC800DD82DDE9080100225F4B05F0B3FB0246F6
:104DD8000B46DDE9020105F029FE5146002840F0A6
:104DE800CE823123DDF81C9009F8013B204601F002
:104DF8001DFC0A9B0233049321E6314600230A2254
:104E0800204601F01DFC0F9B0646002B40F3AD84A5
:104E1800DDF83CA00A950B9B002B05DD31461A46B0
:104E2800204601F069FE06460D9B002B40F03F83AB
:104E38003746079B1D46013B53440C93049B03F0E4
:104E480001030D9302995846FFF7F4FB3146824659
:104E5800584601F0C5FE029981463A46204601F0BF
:104E6800DFFEC36801460AF13008002B36D10B90EB
:104E7800584601F0B5FE0B990890204601F0D6FB84
:104E8800089A002A62D12A9B1BB90D9B002B00F0BF
:104E98005484B9F1000F42DBAA460C9B0AF8018B37
:104EA8009D4200F06683594600230A22204601F0FD
:104EB800C7FBBE42834631464FF000034FF00A025B
:104EC800204635D001F0BCFB394600230A220646AD
:104ED800204601F0B5FB55460746B3E7204601F0EA
:104EE800A5FBB9F1000F08DB049B03F001022A9B24
:104EF80049EA030952EA090236D1594601222046F5
:104F080001F0FAFD0299834601F06AFE002840F399
:104F1800EE83B8F1390F00F0CB830AF13108A946C6
:104F28000A9B354601333E46049309F8018B81E616
:104F380001F086FB55460646074683E7F0AC0008B5
:104F480080B1000858B1000800001440B9F1000F02
:104F5800C0F225842A9B49EA03090D9B53EA0909F3
:104F680000F01D84002A97DDB8F1390F00F0A08306
:104F7800A9460A9A08F101030132354604923E46D1
:104F880009F8013B56E62A9B022B7FF70FAEBAF1D0
:104F9800000F40F05F82534605220299204601F037
:104FA8004FFB01460290584601F01AFE504540F367
:104FB80051823123DDF81C90204609F8013B029903
:104FC80001F034FB0A9B02330493002E7FF440AEB9
:104FD80035E55846029901F003FE0028BFF6E2AD18
:104FE800594600230A2220460A9D01F029FB0C9B02
:104FF8008346013D002B7FF400AF0F9B002B40F34D
:10500800A7830A9BDDF83CA004930A95D5E51A46C8
:105018000146204601F014FD2A9B0290012B40F323
:10502800398200230D93029A136902EB83031869EE
:1050380001F0ACFBC0F120008EE5129AAAB90B9BD7
:10504800002B72D10C9B002B40F081801D461E4620
:1050580074E51F9BDDF858B0002BDDF860A0149CA8
:1050680003DB0A9A0E2A7FF79AAE2A9A012A7FF75B
:105078003FAD0C9B0AF1FF37BB42C0F2C881BAF1C1
:10508800000FA3EB070880F26083012120460B9DE7
:1050980001F0E4FB0646A5EB0A070B97089B002BDB
:1050A8007FF73CAD0B9908980B468142A8BF034691
:1050B800CA1AED1AC31A0B9208932FE5002120464D
:1050C800E16301F08DFA0790002800F00583079B43
:1050D800A363002D40F0CC811F9BAB42C0F2268316
:1050E800012292460F922B9253E6049B002B7FF4E9
:1050F80032AD059BC3F31303002B7FF42CAD059B46
:1051080023F000431B0D1B05002B3FF424AD089B27
:10511800013501330893012318460D931CE51C281B
:105128003FF42BADC0F13C0027E6089B002B00F0B4
:1051380090820B9908980B468142A8BF03460C9EA3
:10514800CD1AC31A08930B95002E3FF4F7AC5946B5
:1051580020460C9A01F074FC002683460C960B9DA1
:10516800ECE44246DDE914014B4605F00DFB8046B0
:1051780089460E9B43B1002240464946BE4B05F086
:105188004BFC002840F06E82384605F069F942462B
:105198004B4605F0CFF90022B84B05F015F8054647
:1051A800A1F15076BAF1000F00F0CF800A9BCDF83C
:1051B80050A01D93B24B14991C9303EBC10353E900
:1051C80002124046CDE91A124946CDE9185605F0B3
:1051D80061FC00F1300605F043F902460B464046F3
:1051E800494604F0EFFF89468046079B12995D1CEB
:1051F8002F46DDE91A23CDE91689002900F0C08180
:105208000020A04905F0C0FADDE9182304F0DAFF10
:1052180002460B46DDF81CC0CDE912238CF800606D
:1052280042464B4605F016FC002840F0A982DDE90D
:105238001667A846CDF860A08146DDF850A0CDF8E5
:1052480058B01494DDE912452BE009F10109D14564
:10525800BFF6FFAE2046294600228B4B05F06AF9BF
:105268000022894B04460D463046394605F062F95E
:105278000F46064605F00EFC00F1300B05F0F0F87D
:1052880002460B463046394604F09CFF22462B4620
:1052980008F801BB06460F4605F0BEFB002840F0A3
:1052A8003C8232463B460020734904F08BFF22467D
:1052B8002B4605F0B1FB0028C7D01D9E4546DDF8FA
:1052C80058B0149C079A013602E0954200F0ED812F
:1052D800A94615F8013D392BF7D001332B700496F8
:1052E800FFF7ADBB31464246204601F0A9FB064612
:1052F8005A463146204601F0DFFA0746594620460D
:1053080001F094F90C9BBB46B3EB08030C937FF4B4
:105318000DAC01230C9311E403D118F0010F7FF4B5
:105328007AACD1461AF8013D302BFAD082E43846DF
:1053380005F096F842464B4605F0FCF800224F4B24
:1053480004F042FF0546A1F1507640464946002246
:105358004E4B04F037FF2A4633468046894605F00F
:1053680079FB002840F0B081404649462A4606F1BC
:10537800004305F051FB00283FF407AD002120460B
:1053880001F054F92B9BDDF81C905B420493FFF766
:1053980056BB0A9B079A023304933123137049E4DE
:1053A80000F05C81DDE902010A9B354A5D4205F0A7
:1053B8000F0302EBC303D3E9002305F0BBF82D115B
:1053C800804689464FF002073FF4D3AE304E01E0E5
:1053D8006D100836EA0703D46D100836EB07F7D5C9
:1053E800D6E900234046494605F0A4F86D108046EA
:1053F800894607F101073FF4BCAE0836EEE7C8F16D
:1054080001030B930A9B08930D93FFF762BA0C9B59
:105418000D9AFB1A1A44089B012153442046DDF8D3
:105428002C800D92089301F019FA08EB0A0506463C
:105438000C97B8F1000F3FF479AB0B9908980B461D
:105448008142A8BF0346CA1AED1AC31A0B920893E1
:10545800FFF76CBB2046029901F0E8F82B9BDDF8BA
:105468001C905B420493002E7FF4F2ABFFF7E7BA7F
:10547800AA460F952B9531E40000F03F00001C4030
:1054880080B100080000E03F000024400000144004
:1054980058B10008049B002B7FF4C3ADDDE904126A
:1054A800C2F31303002B00F029810D91BBE52046C0
:1054B800716801F095F80546002800F07581336998
:1054C80006F10C0102339A000C3002F001FC0122B3
:1054D8002946204601F010FB0746AAE4DDF808B08B
:1054E800049C02460B4604F06FFE0A9B814601337A
:1054F8001E460493DDE908238A4605F0ABFA48B94D
:10550800DDE908234846514605F07CFA20B118F039
:10551800010F01D0079ADBE6A946FFF790BADDE94B
:1055280002230227CDE91423FFF7F4BB079B5F1C76
:10553800DDE90256DDE908232846314605F024F95D
:1055480005F0A8FA804604F08BFFDDE9082304F093
:10555800F1FF02460B462846314604F033FE079A0F
:1055680008F13003BAF1010F3D4613707FF42DAAFC
:10557800B7E70A9B354601333E460493FFF73FBB26
:10558800DDE9180104F0D6FF079BCDE910011E7074
:10559800149B012B27D0DDE91601CDF848B0A846A9
:1055A800AB46079B149A03EB02090022824B04F0D6
:1055B800C1FF0F46064605F06DFA00F1300504F00C
:1055C8004FFF02460B463046394604F0FBFD08F80B
:1055D800015BC845E9D15F46149BCDE916017D1EE4
:1055E800DDF848B01D440022DDE91001734B04F0DA
:1055F800EBFDDDE9168942464B4605F00DFA002819
:1056080071D1DDE9102300206C4904F0DBFD42462E
:105618004B4605F01FFA80B91F9B8342FFF60FAD7A
:105628000A9B0E2B3FF70BAD1C9B0A9A03EBC20695
:10563800D6E90023CDE908237AE715F8013CA94605
:10564800302B05F1FF35F8D01D9B01330493FFF78C
:10565800F6B90C9E002E7FF47AAD80E50227DDE9CD
:10566800028986E5BAF1000F3FF461AE0F9D002D67
:105678007FF78BAB0A9B0022013B404649461D93AE
:105688004D4B04F057FF80468946781C04F0E8FE2D
:1056980042464B4604F04EFF0022494B04F094FD6D
:1056A8001495A1F15076054684E53123013615E6B7
:1056B800AA4639230AF8013B0A9B354601333E4680
:1056C800079A0493FFF7ACBA3123DDF81C90002148
:1056D80009F8013BFFF78ABB002240F2AF11394BB2
:1056E800394802F06BFB1D9E079A0136F0E57FF4FE
:1056F80016AC18F0010F7FF40CAC10E4059B23F0F6
:1057080000431B0D1B05002B3FF48CAC089B013597
:105718000133089301230D9385E41D9BC146013392
:10572800DDF858B0149C0493FFF789B9129B6BBB42
:1057380001239A460F932B9381E4B8F1390FB7D020
:1057480091453FF7EAABFFF7EABB5346FFF7D9B9F4
:105758002A9A022A05DC0A9A9A4604920A95FFF7C1
:105768002CBA0A95DDF83CA011E42A9A0A95022A77
:10577800F8DC9A46FFF74FBB0021E163FFF7A1BAB7
:105788001D9BA94601330493FFF759B9129B9A460A
:105798002B930F936DE40D4B0793FFF723B8002A63
:1057A8003FF7ABABFFF7BBBB024640F2EF21054B1F
:1057B800054802F003FB00BF000024400000E03F62
:1057C80000001C40F4AC000808AD0008E4AC000878
:1057D800F8B5064608200C4602F06CFA0746304633
:1057E80000F0F2FE224A93685D6825F00305A5F1F2
:1057F80011031C1B3C44B4FBF7F4013C07FB04F405
:10580800A74208DC0021304602F03CFA184A9368A7
:105818002B44984204D0304600F0DCFE0020F8BD4E
:105828003046614202F02EFA0130114A0DD011497A
:1058380093682D1B45F001055D600B6830461B1B06
:105848000B6000F0C7FE0120F8BD0021304602F0D1
:1058580019FA074A9268831A0F2BDCDD43F001031B
:105868005360054B03491B68C01A0860D3E700BFA3
:1058780090040020500C002088040020002960D0EB
:105888002DE9F0410C46074600F09EFE54F804EC62
:105898007949A4F1080C2EF001030CEB03028D6882
:1058A8005068954220F0030000F08780506015187A
:1058B8006D6805F001060EF001058DBB54F8084C23
:1058C80001F1080EACEB040C2344DCF808407445E5
:1058D80066D0DCF80C50E560AC60002E00F08A80E1
:1058E80043F00100CCF804001360B3F5007F32D216
:1058F8005809DA08012383404868013203434B60A2
:1059080051F8320001EBC203083BCCE9020341F82D
:1059180032C0C0F80CC03846BDE8F04100F05ABEAD
:1059280086B9034401F1080E906843F001047045FC
:1059380079D0D268C2609060CCF804404CF803304B
:10594800D3E770474EF00102B3F5007F44F8042C0A
:105958004CF80330CCD3B3F5206F4FEA53224BD227
:105968009A0902F1390002F13804C20088188A58ED
:105978000838904203D15FE09268904204D05168A1
:1059880021F003019942F7D8D068CCE90220C0F889
:1059980008C03846BDE8F041C2F80CC000F01ABE95
:1059A800AEBB1844D2E90223D3609A6040F00103E9
:1059B800CCF804304CF80000ADE718440EF00103B1
:1059C80043B954F8083CACEB030C1844DCE9022357
:1059D800D3609A6040F00103CCF80430274BC1F83B
:1059E80008C01B68834296D8254B38461968FFF7CC
:1059F800EFFE90E7034497E7142A0ED9542A22D8D9
:105A08001A0B02F16F0002F16E04C200AEE743F018
:105A18000101CCF8041013607DE702F15C0002F18B
:105A28005B04C200A2E7C1E904CCCCE902EECCF8E1
:105A380004404CF803306EE70123A410A3404C68DF
:105A480023434B60A1E7B2F5AA7F06D8DA0B02F12F
:105A5800780002F17704C20088E740F2545082428D
:105A680006D89A0C02F17D0002F17C04C2007DE7A1
:105A78004FF47E727E2479E7900400208C04002085
:105A8800800C00202DE9F0431D4F83B080460E4660
:105A9800914602F0F7F93D684DB133781C4673B171
:105AA800344602E014F8013F43B13D2BFAD1404699
:105AB80002F0EEF9002003B0BDE8F083A41B2868CB
:105AC8000028F4D02246314602F0A0F820B92B680D
:105AD8001A5D23443D2A04D055F8040F0028F1D15B
:105AE800E5E73A684046AA1A9210C9F800200193DF
:105AF80002F0CEF9019B581C03B0BDE8F08300BF4B
:105B08009808002000B583B001AAFFF7BBFF03B0D7
:105B180000BD00BF2DE9F04F01F10B02162A8146A6
:105B280085B024D8102900F2A88000F04DFD022588
:105B380018211022B24C21444E68A1F10800864277
:105B480000F058817268F168B46822F003023244A8
:105B5800E1608C605168484641F00101516006F1EE
:105B6800080400F037FD204605B0BDE8F08F32F09C
:105B7800070200F1828091427FD8019200F024FD53
:105B8800019AB2F5FC7FC0F0B081530A7DD0042B96
:105B980000F26881930903F1390503F138064FEAE9
:105BA800C50E974CA644DEF80470AEF1080EBE454B
:105BB80007D10DE00028FB6880F20B819E4507D0D5
:105BC8001F46796821F00301881A0F28F2DD35464F
:105BD80023698C498B4200F0E9805E6826F0030651
:105BE800B11A0F2900F3858186480029C4E9040009
:105BF80080F26E81B6F5007F676880F00F81012121
:105C080001EBD60C7609B14054F83C000F4304EB85
:105C1800CC0108399860D960676044F83C30C360AB
:105C28000126AB109E40BE4234D83E4206D125F034
:105C3800030576003E4205F10405FAD0284604EB38
:105C4800C50804EBC507F9680FE0D1F804C00B4696
:105C58002CF0030EAEEB020CBCF10F0FC96800F379
:105C68000E81BCF1000F80F223818F42EDD101300B
:105C7800830707F10807E6D175E10C23C9F800305E
:105C88000024204605B0BDE8F08F4FF4007E402583
:105C98003F2686E7A768796821F0030393429A466E
:105CA80003D3991A0F2900F38380574908200968FC
:105CB800564E10311144CDE9011201F0FBFF0246A6
:105CC800019955424B1E1344834630681D40B0F17C
:105CD800FF3F18BF29464846019101F0D3FF411CF8
:105CE8000546DDE9011200F0218107EB0A0C844525
:105CF80000F21A81464B0BF1FF3E18680844186001
:105D080000F07B81D6F80080CDE90223B8F1FF3F8F
:105D18001BBFA5EB0C0C60443560186015F007003C
:105D2800019000F03C81C0F1080005446B1803EABB
:105D38000E015844401A00EA0E0631464846984675
:105D480001F0A0FF421CDDE9022300F08581401B21
:105D5800304440F001011868A7423044A56018603B
:105D6800696017D0BAF10F0F40F251810526AAF1E8
:105D78000C0121F0070C7968BCF10F0F01F001014B
:105D880041EA0C01796007EB0C01C1E9016600F2F8
:105D9800568169681F4B1E68864238BF18601E4BC3
:105DA8001E68864200D218602F46C1E0676837E750
:105DB800BD1841F0010142F001027A604846A56031
:105DC800696007F1080400F005FC204605B0BDE84D
:105DD800F08FBA683944D3609A604A68484642F0FE
:105DE80001024A6007F1080400F0F4FB204605B000
:105DF800BDE8F08FCE68B1427FF4A4AE0235E7E685
:105E08009004002098040020800C002088040020C2
:105E1800500C00207C0C0020780C0020B6F5206F78
:105E28004FEA56207AD3142800F2CD8000F15C01A5
:105E3800C9005B3004EB010C6158ACF1080C8C45CF
:105E480003D1A5E089688C4504D0486820F0030098
:105E5800B042F7D8D1F80CC0C3E9021CCCF808301E
:105E6800CB60DDE6142B70D9542B00F2B480130BF1
:105E780003F16F0503F16E064FEAC50E91E69D1812
:105E880042F001025A609E68814AF1608E60C4E95E
:105E98000455C5E902224CF001026A60484643F8FD
:105EA8000EC0019300F096FB019B03F10804E8E69D
:105EB8001C469E44DEF80430484643F00103CEF801
:105EC800043054F8083FD9608B6000F083FBD8E6B3
:105ED8001E447268484642F001027260019300F065
:105EE80079FB019B03F10804CBE6D50802F1080110
:105EF80020E69D1842F001025A60654AC4E904553B
:105F0800C5E9022241F001026A60484699510193AD
:105F180000F060FB019B03F10804B2E6B00900F150
:105F28003901C900383085E7A7425FD0A76879688A
:105F380021F003009042A0EB020102D30F293FF7A2
:105F480037AF484600F046FB9AE603F15C0503F1DB
:105F58005B064FEAC50E24E6414651F808398B42E4
:105F6800884640F0928015F0030F05F1FF35F3D114
:105F7800636823EA0603636076009E423FF68AAEB2
:105F880016B987E6760004301E42FBD0054655E672
:105F98000126801006FA00F0074367605CE705EB0E
:105FA800010808EA0E01ABEB010606EA0E063146C7
:105FB800484601F067FE431C019B04BF40461E464D
:105FC800DDE90223C3E6542824D8300B00F16F0121
:105FD800C9006E302EE7B3F5AA7F24D8D30B03F19E
:105FE800780503F177064FEAC50EDAE5294B0BF180
:105FF800FF3E18680844186084E615EA0E0F7FF41F
:1060080081AEA568514441F001016960C2E60123EF
:106018006B6096E7B0F5AA7F24D8F00B00F1780101
:10602800C900773006E740F254518B4224D8930CCC
:1060380003F17D0503F17C064FEAC50EB1E548463C
:1060480007F10801CDE90123FFF718FCA568029BB9
:1060580069681868019A9DE601990026083908EBD5
:10606800010074E640F2545188420AD8B00C00F19D
:106078007D01C9007C30DDE64FF47E7E7F257E26DB
:106088008FE54FF47E717E20D4E6636874E700BF25
:1060980098040020500C0020DFF80CC000B5DCF894
:1060A800CCC15DF804EB60471402002082B049B10E
:1060B8005AB16BB113780B601278101E18BF01200B
:1060C80002B0704701A9002AF3D1104602B0704708
:1060D8006FF00100F4E700BF2DE9F04383B00746F5
:1060E8009C46DDF828E0002940D00846002A38D030
:1060F800BCF1000F00F00081DEF8001049BB1378F6
:1061080001265BB37F2B55DDA3F1C0041F2C2FD8CC
:106118008EF8043029B901218C45CEF8001000F022
:10612800EB80925DA2F180013F2900F2BE80C12B75
:1061380040F3BB809B0103F4F863002102F03F02A7
:106148001343CEF80010721C0360104603B0BDE87C
:10615800F0839EF804300026002BD3D10360CEF8DC
:1061680000300022104603B0BDE8F08301A8BDE767
:10617800A3F1E0040F2C26D88EF8043000296AD148
:1061880001218C45CEF8001000F0B680915DE02B1F
:106198000D4600F0B480A1F180043F2C00F2858008
:1061A8000224A4458EF80550CEF8004000F0A480E3
:1061B800013660E000210122CEF80010036010468D
:1061C80003B0BDE8F083A3F1F004042C6DD88EF879
:1061D800043000295CD0BCF1FF3F18BF0CF1010C62
:1061E80001295AD09EF80540A046F02B5AD0F42B2E
:1061F8007DD0A8F180043F2C57D801298EF805805E
:1062080058D0DEF80010BCF1FF3F18BF0CF1010CAC
:10621800022954D09EF80610894680393F2944D86F
:10622800915DA1F180023F2A3FD89B044FEA0832D2
:1062380002F47C3203F4E01313434FEA891202F4A8
:106248007C62134301F03F010B4300210360721C81
:10625800CEF8001079E7BCF1FF3F18BF0CF1010C34
:10626800012993D0E02B9EF8051036D0A1F1800CBF
:10627800BCF13F0F19D8925DA2F1800CBCF13F0F21
:1062880013D81B0389019BB201F47C610B4354E7CB
:1062980001218C45CEF800102ED0945D0121A04636
:1062A8000136A2E7B8F18F0FA3DC8A234FF0FF3243
:1062B8003B604AE702218C45CEF800101CD0915D66
:1062C800894680393F29F0D803218C458EF80690FD
:1062D800CEF8001010D00136A2E79F29E5D9A1F128
:1062E800800CBCF13F0FE0D88EF80510C3E7B8F179
:1062F8008F0F7FF77EAFD8E76FF0010225E79F2960
:10630800D3D9A1F180043F2C7FF64AAFCDE700BF77
:1063180000B5864683B0002939D0002A3AD0002B30
:1063280041D0049892F800C0006848B101281CD0F8
:10633800C1F800C01078003818BF012003B000BDB4
:10634800ACF181001E2803D9ACF1E0000F28EFD88A
:10635800049880F804C00120DDF810C08342CCF80E
:10636800000020D0022092F801C0ACF140033E2B7F
:1063780003D9ACF180037C2B0FD80022049B1B7936
:106388000CEB03230B60049B1A6003B000BD01A94A
:10639800002AC4D1104603B000BD8A234FF0FF3055
:1063A800CEF80030CAE76FF00100C7E710B5044621
:1063B80082B000294DD08E46002A4ED0002B5AD0EC
:1063C80004990868117860B101288C461AD002280F
:1063D8004FD0CEF800101078003818BF012002B056
:1063E80010BDA1F18E00012803D9A1F1A1005D28FB
:1063F800EFD80498017101218B4201603BD0022043
:1064080092F801C0ACF1A1015D2937D80499097946
:106418008F2925D10499984281F805C04FF00201CF
:10642800DDF810C0CCF8001025D212F800C00130F9
:10643800ACF1A1035D2B21D80022049B0CF07F0C4A
:106448005B790CEB0323CEF80030049B1A6002B092
:1064580010BD0DF1040E002AB0D1104602B010BDD7
:106468000022049B0CEB0121CEF800101A6002B048
:1064780010BD0120DCE76FF00100B0E78A234FF080
:10648800FF302360ABE700BF2DE9F04782461E4688
:1064980082B0002932D0002A33D0002E00F0868046
:1064A80096460A9BF14693F800C01EF8013B01206E
:1064B800DFF80C81434F002B48D0A3F11B04E5B251
:1064C8002F2D24D82F2C22D8DFE804F06B2121218E
:1064D800212121212169212121612121212121211C
:1064E8002121212121212121212121212121212194
:1064F80021632165212121212121216701A9002A68
:10650800CBD101200A9B1A6002B0BDE8F087A3F145
:1065180021045D2C8CBF082507250CEBCC0C07EB60
:106528000C04645DC4441CF805C0052C41D8DFE8A0
:1065380004F01E03110F05260A9C2371864232D9E6
:10654800F1461EF8013B0130002BB6D10625E4E7E1
:106558007246F3E701230A9A0A9C1279236099F894
:10656800003003EB02230B6002B0BDE8F087002384
:106578000A9C236013780B6002B0BDE8F087002303
:1065880018460A9A13600B6002B0BDE8F08702252E
:10659800C3E70325C1E70425BFE70525BDE70125B6
:1065A800BBE70025B9E70A9BC3F800C06FF00100FC
:1065B800DAE78A234FF0FF30CAF80030D4E700BF8B
:1065C800D8B0000890B000080148FDF74BBE00BFE6
:1065D800400C00200148FDF74DBE00BF400C0020D4
:1065E80038B5436C05460C464BB153F8240080B1CE
:1065F800026843F824200023C0E9033338BD212270
:10660800042101F003FC034668640028EDD1002052
:1066180038BD0121284601FA04F56A1D920001F0EF
:10662800F5FB0028F3D0C0E90145E4E731B1436C3C
:106638004A6853F82200086043F82210704700BFE8
:10664800F0B517460E4600221C460D6983B001F1CD
:10665800140EDEF8001001328BB207FB0343090C5D
:106668004FEA134C07FB01CC9BB203EB0C4395425A
:106678004EF8043B4FEA1C44EBDC3CB1B368AB4238
:1066880007DD06EB850301355C613561304603B0F3
:10669800F0BD716807460131FFF7A2FF0346B0B1AC
:1066A800326906F10C01023292000C30019301F0BC
:1066B8000FFB7A6C716852F82100306042F8216053
:1066C800019E06EB850301355C613561DEE7024614
:1066D800BA21024B024801F071FB00BFF4AC00087C
:1066E80064AD00082DE9F843092B1E460546884687
:1066F8001746089C3CDD01230021214806F10802C9
:10670800A0FB0202DA405B009A4201F10101FADCC7
:106718002846FFF765FF014660B30123092F44614E
:10672800036113DC092708F10A04BE420BDDF61BDE
:10673800264414F8013B0A222846303BFFF780FF25
:10674800B4420146F5D10846BDE8F88308F10904CA
:10675800A146B84414F8013B0A222846303BFFF70B
:106768006FFF44450146F5D109EB0704083CDCE717
:106778000021CDE70246D321024B034801F01EFB5E
:10678800398EE338F4AC000864AD0008B0F5803FFA
:1067980003463ABF102083400020B3F1807F3CBFFE
:1067A8001B020830B3F1805F06D3B3F1804F0FD2DC
:1067B8009A0012D4033070471A01B2F1804F00F1E9
:1067C800040006D29B0108D45B00F3D42020704754
:1067D8001A46002AFBDB013070470230704700BFC1
:1067E800036859070AD0DA0721D499074BBF012259
:1067F80002225B089B080360104670479AB282B970
:106808001B0CDAB2B2B11022190701D104321B09EC
:10681800990714D0D90701D401325B0803601046E8
:106828007047DAB24AB11A0712D10422EFE7002200
:106838001046704718221B0AE6E70822FBE75907AB
:1068480002D502329B08E9E7DB0804D12022D3E70E
:106858000322D340E2E70332E0E700BF38B5436CD8
:1068680004460D464BB15868B0B102685A60002220
:1068780001234561C0E9032338BD2122042101F029
:10688800C5FA034660640028EDD1002240F24511A4
:10689800074B084801F092FA1C220121204601F01A
:1068A800B5FA0028F1D001220223C0E90123DEE76E
:1068B800F4AC000864AD00082DE9F04F0F691569C4
:1068C8000E46AF42904685B005DB2A4643463D4614
:1068D800884617461E46D8F80830D8F80410EC1930
:1068E800A342B8BF0131FFF77BFE8446002800F0C1
:1068F8009C80143000EB840E704505D203460021BD
:1069080043F8041B9E45FBD8143606EB87029642D3
:106918007CD208F1140707EB850508F11503A5EBF0
:106928000808AB42A8F11508CDE902E491468CBFEE
:1069380000240124E3464FEA980A05E0090C34D103
:10694800B14500F104005ED956F8041B8AB2002A4A
:10695800F4D0B84686460023CDE9009058F8041BC9
:10696800DEF800001FFA81F94FEA114C81B202FBF0
:106978000911000C02FB0C00194400EB114089B20C
:1069880041EA004145454EF8041B4FEA1043E5D85B
:10699800DDE90090002C4FEA8A0208BF0022024479
:1069A800536056F8041C090CCAD003688846BC46D4
:1069B800864600221946CDF80090BCF800909BB29C
:1069C80008FB092909EB114943EA09434EF8043B3E
:1069D8005CF8043BDEF800101B0C8AB208FB0323AA
:1069E800654503EB19434FEA1342E6D8002C4FEAFA
:1069F8008A0208BF0022DDF800900244B1455360C6
:106A080000F10400A0D8DDE902E4DC46002C02DC39
:106A180005E0013C03D05EF8043D002BF9D0604648
:106A2800CCF8104005B0BDE8F08F02464FF4B171C4
:106A3800014B024801F0C2F9F4AC000864AD00084B
:106A4800F8B512F00303144607462FD10E46A410DA
:106A58002AD03D6C002D32D004F0010364103BB9FC
:106A68002868B8B1054604F001036410002BF7D07C
:106A78002A4631463846FFF71FFF36B17B6C7168EE
:106A880053F82120326043F8216074B10646286823
:106A98000028E7D12A4629463846FFF70DFF00238C
:106AA800286005460360DEE73046F8BD0F4A013B23
:106AB80052F823200023FFF7C3FD0646C7E701214C
:106AC8003846FFF78DFD054640B140F2712301229B
:106AD800C0E90423002338640360BDE7024640F29E
:106AE8004511034B034801F069F900BF20B10008C4
:106AF800F4AC000864AD00082DE9F0470D462E6996
:106B0800AB6806EB6216741C9C42914607464968BE
:106B18004FEA621804DD5B009C4201F10101FADCD6
:106B28003846FFF75DFD00284ED0B8F1000F00F1A0
:106B3800140C0BDD6346002208F1050100EB81010E
:106B480043F8042B8B42FBD10CEB880C296905F127
:106B5800140319F01F0803EB810E2CD062464FF086
:106B6800000AC8F12009196801FA08F141EA0A0186
:106B780042F8041B53F8041B9E4521FA09FAF2D87F
:106B8800AEEB0503153B23F0030305F1150296450B
:106B980038BF002304334CF803A0BAF1000F00D12A
:106BA80034467B6C6A68046153F82210296043F804
:106BB8002250BDE8F087ACF1040C53F8042B9E4535
:106BC8004CF8042FF9D8EBE702464FF4EF71024B6B
:106BD800024801F0F3F800BFF4AC000864AD000807
:106BE80003690A6900B5B3EB020E12D100F1140C67
:106BF80014310CEB820301EB820101E09C4508D2C1
:106C080053F8040D51F8042D9042F7D003D24FF0F9
:106C1800FF3E704600BD4FF0010E704600BD00BF3C
:106C28002DE9F04F13690D690C46ED1A002D174632
:106C380083B014D101F1140C143202EB83020CEB73
:106C4800830302E09C4580F0878053F8046D52F876
:106C5800041D8E42F6D080F08C80012503E0FCDB19
:106C680000250F4614467968FFF7BAFC002800F0A3
:106C78008B803B6900F1140207F1140807F1100139
:106C8800834627691E46C56008EB830E04F114008D
:106C980001944FF0000C9146C2460B46144600EB97
:106CA800870750F8041B53F8045F8AB21FFA85F867
:106CB800A8EB0208090CE044C1EB154101EB28419F
:106CC8001FFA88F848EA0142874249F8042B4FEA3C
:106CD800214CE6D891462246019C3346381B15388C
:106CE800153420F00300A74238BF00200AEB00014A
:106CF800043187188E455E460C4698BF3A461ED921
:106D0800A2EB0A020437E14604EB020854F8040B2C
:106D18001FFA80FCCC44050C484405EB2C4580B296
:106D280040EA0540A6454FEA254CC8F80000EAD8D5
:106D380081460EF1FF32521A22F003023A44B9F1A9
:106D4800000F04D152F8041D013B0029FAD0304647
:106D5800336103B0BDE8F08F0021FFF741FC064620
:106D680058B101220023C0E90423304603B0BDE82E
:106D7800F08F3B4627461C4675E7024640F237210E
:106D8800054B064801F01AF8024640F24521024B2D
:106D9800024801F013F800BFF4AC000864AD000825
:106DA800114B0B40A3F15073002B03DD0022194651
:106DB800104670475B42B3F1A07F4FEA235106DAD1
:106DC8004FF4002300220B4119461046704714392E
:106DD8001E29D4BF4FF0004201224FF00003D8BF54
:106DE800CA401046194670470000F07FF8B505699B
:106DF80000F1140404EB850555F8047C2E1F384671
:106E0800FFF7C4FCC0F120030A280B6034DDB4424C
:106E1800A0F10B0C1CD255F8083CBCF1000F24D093
:106E2800CCF1200623FA06F207FA0CF71743A5F16E
:106E3800080047F07F52844203FA0CF342F44012F0
:106E480017D255F80C0C1146F04003431846F8BD0C
:106E58000B2809D0002307FA0CFC4CF07F5242F4AF
:106E6800401218461146F8BD002347F07F5242F4FD
:106E7800401218461146F8BDB4422CBF002455F8FC
:106E8800084CC0F10B0327FA03FC38BFDC4000F1C3
:106E980015034CF07F5207FA03F342F440122343E0
:106EA80018461146F8BD00BF30B5012185B0CDE9BF
:106EB8000023FFF795FBDDE900230546002844D0B1
:106EC800C3F30A54C3F313010CB141F48011002A2F
:106ED800039114D103A8FFF783FC0121039B203001
:106EE8006B6129610CB3089BA4F2334404441C6011
:106EF800099BC0F135001860284605B030BD02A8CE
:106F08000292FFF76DFCDDE9022328B1C0F12001F0
:106F180003FA01F10A43C340002B0CBF01210221EF
:106F28006A61AB612961002CDDD105EB8102A0F219
:106F380032431069089A1360FFF728FC099BC0EBDD
:106F480041101860284605B030BD024640F20F31A6
:106F5800014B024800F032FFF4AC000864AD0008B1
:106F68002DE9F04983B08B4669468046FFF73EFF1E
:106F780004460D46584601A9FFF738FFD8F81030E7
:106F8800DBF81020A3EB020CDDE900329B1A03EBBF
:106F98004C13002B0BDD05EB03573D4602460B4611
:106FA8002046294603F0F0FB03B0BDE8F089C3EBA7
:106FB800033301EB035C6146F0E700BF172870B5A7
:106FC80006460ADD002000240749084D22462B46C4
:106FD80003F0B0FA013EF9D170BD054B03EBC003D5
:106FE800D3E9000170BD00BF0000F03F000024405D
:106FF80080B1000802F1140310B51446126901F1BA
:10700800FF3C4FEA6C1C03EB82010CF1010C8B4234
:1070180000EB8C0C0DD2A0F1040E53F8042B99420E
:107028004EF8042FF9D8091B153921F00301043053
:107038000844844504D9002340F8043B8445FBD820
:1070480010BD00BF03694A11934200F1140009DA28
:1070580000EB830302E053F8042D82B98342FAD887
:107068000020704700EB8203F8DD11F01F01F5D016
:1070780050F822C02CFA01F28A409445EED0012043
:10708800704700BF242B2DE9F84F43D8012B9046B9
:107098001A463FD081461E460D468E464A497046DE
:1070A8001EF8017BCB5D13F00803F8D12D2F72D0A9
:1070B8002B2F0CBF9B469B466FF0004304BF9EF8E6
:1070C800007000F1020E6ABB302F4ED00A263246FD
:1070D8000021B3FBF6F4084606FB143A05E03DD060
:1070E800012106FB00C01EF8017BA7F1300CBCF1A2
:1070F800090F06D9A7F1410CBCF1190F18D8A7F14F
:10710800370C62451DDD4F1CEDD08442E7D24FF0AD
:10711800FF31E8E700F0C8FD1622034600201A6098
:10712800BDE8F88F102AD3D1302F27D01646CFE7E5
:10713800A7F1610CBCF1190F03D8A7F1570C6245F0
:10714800E1DC4A1C30D0BBF1000F0CD1B8F1000FC4
:10715800E6D0A9BBC8F80050BDE8F88FE245BFDA11
:107168004FF0FF31BFE74042F0E79EF8002002F001
:10717800DF02582A08D008263246A9E79EF80010F0
:1071880001F0DF015829D1D110269EF8017032464E
:107198000EF1020E9CE79EF800704FF000434FF08E
:1071A800010B00F1020E8EE72222C9F80020B8F187
:1071B800000F07D00EF1FF351846C8F80050CBE78E
:1071C8000346F7E71846ABE749B20008FFF75ABF8E
:1071D8008C461346044A00B501465DF804EB106876
:1071E8006246FFF74FBF00BF000000208C461346E1
:1071F800044A00B501465DF804EB10686246FFF7E3
:1072080041BF00BF00000020DFF80CC000B5DCF86B
:10721800C8C15DF804EB60471402002059B1FF2A89
:1072280003D801230A70184670478A224FF0FF33AB
:107238000260184670470B4618467047B1B37F2A5C
:1072480026D9A2F18003B3F5F06F24D3A2F5006329
:10725800B3F5784F2CD3A2F58033B3F5801F39D21C
:10726800002310B5940CC2F3053E64F30703C2F380
:10727800851C6EF30F2302F03F026CF3174362F391
:107288001F6343F0803343F0700304200B6010BD8C
:1072980001200A707047930902F03F0263F03F0330
:1072A80062F07F0202200B704A70704708467047F0
:1072B8004FEA123CC2F3851302F03F026CF01F0C38
:1072C80063F07F0362F07F02032081F800C04B70F7
:1072D8008A70704784468A234FF0FF30CCF800301C
:1072E800704700BF11B312F47F4FC2F3072C19D0B7
:1072F8000CF17F03DBB21E2B04D90CF12003DBB2A7
:107308000F2B16D8A2F14003DBB23E2B04D9A2F111
:107318008003DBB27C2B0CD8022381F800C018460E
:107328004A70704701230A70184670470B46184682
:1073380070478A224FF0FF330260F5E759B312F421
:107348007F4FC2F3072C1DD00CF17203DBB2012B67
:1073580024D90CF15F03DBB25D2B24D802F15F0363
:10736800DBB25D2B12D962F07F0202F15F03DBB260
:107378005D2B18D88F200323087081F801C01846A8
:107388008A70704701230A7018467047022381F8F3
:1073980000C04A70F8E70B461846704702F15F03D1
:1073A800DBB25D2BF2D98A224FF0FF330260EBE7A4
:1073B800B9B312F47F4F10B5C2F3072C12D00446AC
:1073C800ACF121005D282ED8A2F1210E5FFA8EFEC5
:1073D800BEF15D0F27D81868B0B1022081F800C04F
:1073E8004A7010BD186860B18E4642F61B00C3F89B
:1073F80000C042232EF8030B8B70714604200A70DC
:1074080010BD01200A70FBE701248E461C6042F281
:107418001B432EF8033B4FF0420305208B70714647
:10742800DCE7012070478A234FF0FF30236010BD4E
:1074380030B5044687B05BB110480193D0F8C85105
:1074480071B12046A847421C019B10D007B030BD3F
:1074580000F5827309480193D0F8C8510029F0D18A
:107468000A46204603A9A847421C019BEED10021E9
:107478008A221960226007B030BD00BF14020020C4
:1074880030B5144C87B0246872B1134D1346D5F843
:10749800C85180B10A46014620460193A847421CBC
:1074A800019B10D007B030BD0B4D04F58273D5F8A1
:1074B800C8510028EED1024603A920460193A847E7
:1074C800421C019BEED100218A221960226007B07C
:1074D80030BD00BF00000020140200209C4600B50B
:1074E80083B0049BCDF800C001934FF0FF3300F048
:1074F800F5FE03B000BD00BF30B59C469646064B6E
:1075080083B00A46014618684FF0FF33CDE900EC16
:1075180000F0E4FE03B030BD00000020014BC0F8CD
:10752800D431704748B200082DE9F0431D468E68F3
:107538000C46AE4217460B6883B03AD8B1F90CC076
:107548001CF4906F0FD13546184639462A4600F08C
:10755800C9F90020A3689E1B2368A6602B442360FA
:1075680003B0BDE8F0834A69096902EB42025E1A7A
:1075780002EBD2726B1C52103344934294BF914673
:107588009946934288BF1A461CF4806F804612D0F1
:107598001146FEF7BFFA00B332462169019000F0A8
:1075A80097FBA289019B22F4906242F08002A2819B
:1075B80005E02E46C8E700F071FC034648B1236198
:1075C8003344A9EB0606A660C4F814902E4623603F
:1075D800BAE740462169FEF751F90C22A3894FF01A
:1075E800FF3043F04003C8F80020A381B8E700BF8C
:1075F80070B5002941D006460C4610B1436B002BEC
:107608003ED0FBF7A5FF636EB4F90C20DD0730D43C
:10761800900538D52146304600F054F8E36A05460F
:1076280033B13046E16998470028B8BF4FF0FF35BD
:10763800A3891A0639D4216B41B104F14003994258
:1076480002D03046FEF71AF900232363616C21B19A
:107658003046FEF713F9002363640022636EA281AB
:10766800DB071ED5A06DFCF7F9FDFBF777FF284671
:1076780070BD002ACED1FBF771FF0025284670BDEA
:10768800FBF748FFBDE7A06DFCF7ECFDB4F90C3043
:10769800002BBFD1636ED907EDD4A06DFCF7EAFDCE
:1076A800E9E7A06DFCF7E6FDDCE730462169FEF767
:1076B800E5F8C0E7024B01461868FFF799BF00BF1D
:1076C80000000020B1F90C20F8B515070C46074654
:1076D80049D4496842F400630029A3815FDDA66AA2
:1076E800002E3ED0002112F480523D68396061D1ED
:1076F80001233846E169B0470246501C67D0B4F907
:107708000C30A66A590705D56368D21A236B0BB1EA
:10771800E36BD21A00233846E169B047421CB4F93A
:107728000C3049D139681D293ED82D4ACA40D607A0
:107738003AD5002262602269D904226023F40062EB
:10774800A28102D53B68002B3FD0216B3D6041B13F
:1077580004F14003994202D03846FEF78FF800231F
:1077680023630020F8BD0E69002EFAD0920718BFD7
:1077780000230D6808BF4B690E60AD1B8B600BE0E2
:107788002B4632463846E169D4F824C0E047002841
:10779800A5EB0005064406DD002DF1DCE1E7E16B11
:1077A80000299CDCDDE7A38943F040034FF0FF305C
:1077B800A381F8BD226DA5E70022626022692260DC
:1077C80023F40062DB04A281BFD52065BDE73B68D6
:1077D800002B94D01D2B01D0162BE4D13D60C0E7BF
:1077E8000100402000B5034683B008B1426B52B394
:1077F800B1F90C0098B14A6ED20701D4820512D5AE
:1078080018460091FFF75EFF009903464A6ED007BD
:1078180002D48A8992050ED5184603B000BD0346E6
:10782800184603B000BD886D01930091FCF71AFD5E
:10783800DDE90013E4E7886D0093FCF71BFD009B6E
:10784800184603B000BDCDE90001FBF763FEDDE992
:107858000031CDE7002838D000B51E4B01461B6823
:1078680083B00BB15A6BD2B1B1F90C0098B14A6E22
:10787800D20701D482051AD518460091FFF722FFD6
:10788800009903464A6ED00702D48A89920516D514
:10789800184603B000BD0346184603B000BD01906A
:1078A80018460093FBF736FEDDE90031DCE7886D0A
:1078B80001930091FCF7D6FCDDE90013DCE7886D45
:1078C8000093FCF7D7FC009BE2E7034A034904480E
:1078D800FBF76EBE0000002008020020ED770008CC
:1078E80008000020884270B531D98B1883422ED900
:1078F800032A00EB02011DD941EA030C1CF0030F17
:107908001D4618D18C464FEA920E0EF1FF36A1EBB8
:107918008E0453F804ED4CF804EDA445F9D1C6EBF8
:10792800867301EB830105EB830CACF10403043986
:1079380002F0030252B102F1FF3C6FEA0C0C9C44C6
:1079480013F8012D634501F8012DF9D170BD032A03
:107958004FD941EA00039B074DD10F2A50D901F1B5
:10796800100C664622F00F032031103B00F1100E78
:1079780019445CF8104C0CF1100C4EF8104C5CF8E3
:107988001C4C0EF1100E4EF81C4C5CF8184C4EF8BE
:10799800184C5CF8144C8C454EF8144CE9D1F1188D
:1079A80012F00C0F034402F00F0503F1100325D069
:1079B8008C4625F0030EAEF1040426461A1F1C1946
:1079C8005CF804EB42F804EFA242F9D10431043325
:1079D8003144334405F00302002AB7D0013A01329A
:1079E800013B0A4411F801CB914203F801CFF9D1C8
:1079F80070BD0346F0E70346013AF0E72A46EBE795
:107A080003461546D4E700BF00B5DFF840E000F1B3
:107A1800FF3C01391CF8013F11F8010F1EF8032043
:107A280002F00302012A1EF8002008BF203302F0EA
:107A38000302012A04D01B1A06D10028EAD100BD8E
:107A48002030181AE6D000BD184600BD49B200081B
:107A5800034610B50446800702D12CE09A0708D0E7
:107A68001A7818460133002AF8D1FCF7E3FC2046BF
:107A780010BD4278EAB11868A0F1013222EA00028A
:107A880012F0803F0CD19C4653F8040FA0F101324C
:107A980022EA000212F0803FF5D09CF8042042B19F
:107AA800184610F8013F002BFBD1FCF7C3FC204619
:107AB80010BD1846D9E72278DCE700BF11F0FF01B6
:107AC800034600F003023AD09ABB186801EB012282
:107AD80002EB024282EA000C10B51446A0F1013212
:107AE80022EA0002ACF1013020EA0C00024312F055
:107AF800803F0FD153F804CF8CEA040EACF1013269
:107B0800AEF1013022EA0C0220EA0E00024312F024
:107B1800803FEFD01A7822B934E013F8012F002AF9
:107B280030D09142F9D12EE08A4206D001339A072B
:107B3800CBD01A78002AF7D1134618467047E2B915
:107B48001968A1F1013222EA010212F0803F08D13E
:107B580053F8041FA1F1013222EA010212F0803F1A
:107B6800F6D01A78002AE8D013F8012F002AFBD1A2
:107B78001846704701339907E2D01A78002AF9D1DC
:107B8800184670471346184610BD00BF84460B467A
:107B98002AB908E013F8010B0CF8010B38B1013AC7
:107BA800F8D18CF8002013F8012B002AFBD1581AC1
:107BB8000138704732B3013A10B500F1FF3CDFF8E5
:107BC80048E00139841804E01B1A19D1A8B16445AA
:107BD80014D01CF8013F11F8010F1EF8032002F021
:107BE8000302012A1EF8002008BF203302F0030216
:107BF800012AE9D12030181AE9D010BD002010BDA3
:107C0800184610BD1046704749B200088AB340EACA
:107C180001039B0730B504468E4618D1032A0BD8BA
:107C280015E0043A23D01CF0803F20D1032A01F14B
:107C3800040E00F1040422D92368DEF80050A3F1F1
:107C48000131AB4221EA030C20467146E9D00378A2
:107C58000C78A3420FD1013A024406E06BB110F848
:107C6800013F11F8014FA34205D19042F6D10020FF
:107C780030BD10467047181B30BD184630BD204631
:107C88007146E4E738B50023064C054608462360EC
:107C980002F052F9431C00D038BD2368002BFBD0FA
:107CA8002B6038BD2C0C0020014B1868704700BFB2
:107CB80000000020082802D14FF48050704708B512
:107CC800FFF7F2FF162203464FF0FF301A6008BD97
:107CD800844641EA000313F0030349D1403A23D311
:107CE8000B6803604B6843608B688360CB68C36034
:107CF8000B6903614B6943618B698361CB69C3611C
:107D08000B6A03624B6A43628B6A8362CB6AC36203
:107D18000B6B03634B6B43638B6B8363CB6BC363EB
:107D280040304031403ADBD230320BD30B6803602D
:107D38004B6843608B688360CB68C3601030103138
:107D4800103AF3D20C3205D351F8043B40F8043B07
:107D5800043AF9D2043208D0D2071CBF11F8013B0B
:107D680000F8013B01D30B8803806046704700BFD1
:107D7800082A13D38B07B1D010F00303AED0C3F198
:107D88000403D21ADB071CBF11F8013B00F8013BC2
:107D9800A4D331F8023B20F8023B9FE7043AD9D339
:107DA800013A11F8013B00F8013BF9D20B78037056
:107DB8004B7843708B7883706046704700B5DFF866
:107DC80030C00446DCF800009E468C46C06885B08A
:107DD8005AB1084923460292019172460649CDF8E4
:107DE80000C000F0B5FA01F00BFE04490A46F1E7BD
:107DF80000000020C0AD0008D0AD0008CCAD0008E0
:107E080008B513460022FFF7D9FF00BF10B5A1FB44
:107E1800021482B074BBFDF77DFE034670B350F8C0
:107E2800042C22F00302043A242A10D8132A16D963
:107E38001B2AC0E900441AD9242AC0E902440ABF0F
:107E4800C0E9044400F1100100F1180108E02146DE
:107E58000190FBF719FC019B184602B010BD0146C2
:107E680000221846C1E900228A6002B010BD00F164
:107E78000801F5E7FFF718FF0C23036000231846F5
:107E880002B010BD0148FCF7EDB900BF3C0C002062
:107E98000148FCF7EFB900BF3C0C0020002900F0B6
:107EA8009E802DE9F04383B00C4607460092FEF70A
:107EB8008BFB009901F10B03162B60D81023994214
:107EC80060D854F804ECA4F108052EF003029A4295
:107ED80064DABA4805EB020C8068DCF80460604597
:107EE80000F08F8026F0010060444068C0076BD422
:107EF80026F00306901983424BDD1EF0010F0FD1C7
:107F080054F8080C281A8046406820F003000644FC
:107F18001644B34240F3F7801618B34240F3CE80BC
:107F28003846CDE90023FDF7F5FDDDE900230646D7
:107F3800002800F0228154F8041CA0F1080C21F05C
:107F480001012944614500F0B380043A242A00F273
:107F5800D680132A00F2A1800346224611681960D0
:107F68005168596092689A6021463846FDF786FC48
:107F78003846FEF72FFB304603B0BDE8F08333F0F8
:107F880007039CD50C233B600026304603B0BDE8B0
:107F9800F0830246DCE90201C16088606968D01A92
:107FA8000F2801F0010105EB02061BD81143696097
:107FB800736843F0010373603846FEF70BFB2646EF
:107FC800304603B0BDE8F0831EF0010FA8D154F885
:107FD800080C281A8046406820F003009CE71146E8
:107FE800FDF798BD1943696040F00100E918486041
:107FF8007368384643F0010308317360FDF73EFCAF
:10800800DAE726F00306B01803F1100C604580F299
:1080180095801EF0010F83D154F8080C281A804669
:10802800406820F0030006441644B445B1463FF7C3
:1080380073AF4646D8F80C1056F8080F043A242AAD
:10804800C160886000F2B380132A40F2AE802168D4
:108058001B2AC8F808106168C8F80C1000F2B08034
:10806800083408F110022168116061685160A16844
:108078009160A9EB0302514D08EB030142F00102A4
:10808800A9604A60D8F80420384602F00102134378
:10809800C8F80430FEF79EFA92E723681B2A0360AB
:1080A800636843603FD804F1080200F1080355E70C
:1080B80050F8041C21F003010A446FE74546043ACE
:1080C800D8F80C1055F8080F242AC160886023D806
:1080D800132A1FD921681B2AC8F808106168C8F834
:1080E8000C103ED8083408F110022168116061684C
:1080F8005160A16891602C46324645464EE72146BC
:10810800FFF7F0FB30E7DCE902014546C160043ABD
:108118008860D5E72A46E8E7214628460093FFF716
:10812800E1FB009BE7E7A368242A8360E368C36058
:1081380027D004F1100200F110030FE7C21A1F49FB
:108148001D4442F001028D606A6054F8042C3846E0
:1081580002F00102134344F8043CFEF73BFA2646BA
:108168002EE7A168242AC8F81010E168C8F814108E
:1081780010D0103408F11802B7E73846FEF72AFA8B
:1081880002E7236904F1180203616369436100F19E
:108198001803E3E622691834C8F8182054F8042CA8
:1081A800C8F81C2008F120029FE732465BE7214609
:1081B80030460093FFF796FB009B5AE79004002097
:1081C800A168242AC8F81010E168C8F8141003D070
:1081D800103408F1180246E722691834C8F8182044
:1081E80054F8042CC8F81C2008F120023BE700BF13
:1081F8002DE9F04F89B01C46DDE91278DDF8509082
:108208000090B8F1000F4FD00029C34608BF4FF0C7
:10821800FF370025884692461668019104E056F813
:10822800040B002832D06546AF4239D9002C37D02C
:10823800DBF8003000980293DBF8043032680393CF
:10824800D9F8C8C15B4604A9E047431C2FD000EB0E
:10825800050CBC4536D8019B013C002BDFD000281B
:108268000BDD08F1FF3204A900EB020E11F8013B07
:1082780002F8013F7245F9D18044DAF8002056F837
:10828800040B0432CAF800200028CCD10199D84642
:1082980009B1CAF8000000220CF1FF35C8F8002027
:1082A800284609B0BDE8F08F00F58678ACE70546AA
:1082B8008A2100222846009B1960CBF8002009B0CB
:1082C800BDE8F08FD8462846DDF808A0DDF80CB0E8
:1082D800C8E900AB09B0BDE8F08F00BF00B585B0B4
:1082E8000698DFF818C000900798019004480068C5
:1082F800CDF808C0FFF77CFF05B000BD14020020D0
:1083080000000020844600B585B006980190074813
:108318000068009313460A466146DFF814C0CDF89A
:1083280008C0FFF765FF05B000BD00BF00000020D2
:10833800140200200CB400B583B004AB53F8042B2E
:10834800019300F019F803B05DF804EB02B0704730
:108358000EB400B5074A82B003AB0146106853F863
:10836800042B019300F008F802B05DF804EB03B0A9
:10837800704700BF000000202DE9F04F8346C3B0CE
:1083880012AF924602910822002138461C460993F2
:10839800FBF77AF9BBF1000F04D0DBF83430002B7F
:1083A80000F01587029B5A6EB3F90C30D60740F1DE
:1083B80045819D0400F1BF85029943F4005322F4DE
:1083C80000528B814A66910401F18B80029BB3F9BC
:1083D8000C301E0740F1BE80029A1269002A00F094
:1083E800B98003F01A020A2A00F0C380002319AAF0
:1083F8009146CDE91733CDE90B3316920D930593CA
:108408005546944BD3F8CC41FBF77CFE2A460346ED
:1084180010A958460097A047002800F0C980C0F26C
:10842800BF80109B252B01D00544EAE7B5EB0A066F
:10843800044640F0C18000224FF0FF33904603937A
:108448006B7805F1010A8DF83B20069219460AF16E
:10845800010AA1F120035A2B00F2FE80DFE813F095
:10846800FB03FC00FC00F503FC00FC00FC00D70348
:10847800FC00FC006A005702FC001A021204FC000F
:108488000C045B005B005B005B005B005B005B0057
:108498005B005B00FC00FC00FC00FC00FC00FC0036
:1084A800FC00FC00FC00E801B903FC00FC00FC0037
:1084B800FC00FC00FC00FC00FC00FC00FC001F02AF
:1084C800FC00FC00FC00BB01FC006E03FC00FC008F
:1084D800BB05FC00FC00FC00FC00FC00FC00FC00F0
:1084E800FC00FC00FC00E8017C01FC00FC00FC0036
:1084F800AC037C017500FC006103FC0053033F03DF
:10850800F7027500FC00BB0172005D02FC00FC0074
:10851800F705FC0072000022A1F130031AF8011BD4
:1085280002EB820203EB4202A1F13003092BF5D9D9
:1085380006928EE7099B53F8042B002A06920993AA
:10854800C0F2A5819AF8003080E79AF8003048F028
:1085580020087BE7029D5846294601F0E3F90028E8
:1085680040F0D287B5F90C3003F01A020A2A7FF4DA
:108578003DAF0299B1F90E20002AFFF637AF4A6ED7
:10858800D00702D49A0540F16A87234652465846D6
:10859800029901F007F80590059843B0BDE8F08FFF
:1085A800082200213846FBF76FF80120054428E728
:1085B800B5EB0A06044611D0189BC9E900A6334456
:1085C8001893179B0133072B179311DC09F108093E
:1085D800059B33440593002C7FF42DAF189B002B8B
:1085E80040F04B870022029B1792B3F90C3019E038
:1085F8005846029916AA01F015F880B90DF16409D8
:10860800E6E75846029916AA01F00CF8002800F08F
:108618008E80079B1BB158460799FDF72FF9029BDF
:10862800B3F90C30029A526ED00740F18B805B068A
:1086380000F13F87059843B0BDE8F08F990540F1F8
:108648001B819E047FF5B8AE95047FF5C2AE00F09D
:108658004ABF00BF140200200029BFD00023012216
:10866800CDE903328DF8A410089229AD8DF83B307E
:10867800079318F08406DDE917C0014662462BD13E
:10868800069B049C1C1B002C00F3FD839DF83B30CB
:108698002BB300260A96012301320131C9F80430B0
:1086A800072A0DF13B03CDE91721C9F8003000F383
:1086B800948309F108090A9B73B10223013202313C
:1086C800C9F80430072A0FABCDE91721C9F80030E3
:1086D80000F3768309F10809802E00F0F082039BED
:1086E80008981C1A002C00F32D83089B01321944AA
:1086F800072ACDE91721C9F80050C9F8043000F35A
:10870800538309F1080918F0040F05D0069B049A51
:108718009C1A002C00F36E83DDE90532049882422E
:10872800ACBF9B181B18059300297FF46AAF002380
:108738001793079B1BB158460799FDF79FF80DF152
:1087480064095DE69A053FF572AF029CA06DFBF7E0
:1087580091FDB4F90C306AE718F0200F00F0088496
:10876800099B073323F00702536852F8084B1E464B
:108778000992002BC0F23E82039A002A05DB54EAD4
:10878800060328F0800800F075840A2C76F10003AF
:1087980080F0E5803034039A9DF83B30012AB8BF59
:1087A80001228DF807410492002B00F0BD83049B41
:1087B8000024013304930123CDE907430DF2071583
:1087C80018F08406DDE91721084694463FF458AFAF
:1087D80000230A935FE70023099E8DF83B3056F883
:1087E800043B0793002B00F02985532900F04884A7
:1087F80018F0100440F04484039A002AC0F2EC8474
:1088080021460798FBF774FE9DF83B30079D00282A
:1088180000F05D86421B089222EAE2720492002B65
:1088280000F0E784531C0394099604930794C7E760
:10883800432903D018F0100F00F0128408220021F9
:1088480014A8FAF721FF099A29AD29465846126853
:1088580014ABFEF7EDFD0890013000F02186089B6F
:1088680023EAE3730493099B0433099300238DF8E7
:108878003B3007930393FCE6029DA86DFBF7F2FCDF
:10888800B5F90C306A6E98043FF59DAD94E5069BEA
:108898005B4206939AF8003048F00408D6E518F0D1
:1088A800200F48F0100000F07583099B073323F070
:1088B80007031A46596852F8083B099200228DF8B6
:1088C8003B20039A002AC0F22C8353EA010220F4C9
:1088D800906800F0348342AD03F00702DB0843EAF6
:1088E8004173C908303253EA0104284605F8012DBE
:1088F800F2D118F0010340F0B582039A079342AB16
:108908005B1B9A42B8BF1A4608930492B1E62B2320
:108918008DF83B309AF8003098E518F0200F40F0B9
:108928002C81099A18F0100052F8043B40F0288670
:1089380018F0400100F0A6848DF83B009BB2002699
:1089480003991C46B14204DB28F08008002B00F094
:1089580063850A2C76F100030992FFF41BAFCDE979
:10896800078A0020DDF82CA042A908F48065CDF81C
:10897800109025E0A319BE4A43F10003A2FB032C83
:108988002CF0030202EB9C024FF0CC3CA146B64609
:108998009B1AE31A0CFB03F2B54C66F1000604FBC4
:1089A8000622A3FB0443B9F10A0F13444FEA540407
:1089B8007EF1000E414644EAC3744FEA53062CD3B5
:1089C800DFF8ACE2A31943F10003AEFB032C2CF053
:1089D800030202EB9C029B1AE31AA3FB0E3266F118
:1089E800000C0EFB0C225B0843EAC27303EB830303
:1089F800A4EB43033033013001F1FF3801F8013CA7
:108A0800002DB7D09AF800308342B3D1FF28B1D0F7
:108A18000A2C76F1000380F056844546039942AA51
:108A2800521B9142B8BF11469DF83B30DDF81090BB
:108A3800CDF82CA00491DDE9078A0892002B00F0FC
:108A4800DB83049B0133049300230793B8E60021DA
:108A580047F63003039C099A8C42ADF83C308DF8F8
:108A68003B1052F8043BC0F2F88228F0800040F036
:108A78000208002B00F0EE837E4803F00F04045D2B
:108A88001B098DF80741099200F0628502220492C1
:108A98000DF2071503F00F02825C1B0943EA01730C
:108AA800090905F8012D53EA0102F3D1039A42ABF3
:108AB8005B1B9A42B8BF1A4608931346049A002AC9
:108AC80000F05085DDE91721023318F084060846C6
:108AD8009446049300F0FD8200230793EDE518F017
:108AE800200F40F07682099A18F0100F52F8043BD4
:108AF80040F03A8518F0400F4046099200F0CB83C9
:108B080000219BB2DAE6099A18F0200F02F104035B
:108B180000F04E82126805991160C91751600993D7
:108B28006EE49AF800306C2B03BF9AF8013048F0D5
:108B380020080AF1010A48F0100887E418F0200F0D
:108B480048F010011AD1099B1A1D0026099B0398A9
:108B58001B68B0421C468DF83B60C0F27A8221F057
:108B68008008002B7FF4F5AE0992002840F0598464
:108B780008900490079042AD7BE54146099B073376
:108B880023F0070200238DF83B30039B566852F808
:108B9800084B002B0992C0F25D8254EA060321F0CB
:108BA80080087FF4F2AD039B002B40F03A840893D1
:108BB8000493079342AD5CE59AF80030682B03BF35
:108BC8009AF8013048F400780AF1010A48F04008A0
:108BD8003CE418F0200F48F0100340F0E281099AB5
:108BE8000432099998460C680992E6173346002B17
:108BF800BFF6C2AD2D238DF83B30039B644266EB74
:108C08004606002BFFF6C1AD28F08008BDE55846A2
:108C1800FBF78CFA436818460D93FBF7A9FC0C90F8
:108C280004465846FBF782FA81689AF800300B919F
:108C3800002C3FF40BAC00293FF408AC0A78002A5A
:108C48003FF404AC48F4806800E49AF8003048F037
:108C58000108FFF7FBBB9DF83B209AF80030002A7B
:108C68007FF4F4AB20228DF83B20FFF7EFBB00BF69
:108C7800CDCCCCCC74AB00089AF8003048F0800812
:108C8800FFF7E4BB504610F8011B2A2900F047847F
:108C9800A1F13003092B98BF002200F2E78310F8F6
:108CA800011B02EB820203EB4202A1F13003092B04
:108CB800F5D942EAE27382460393FFF7CABB069BE3
:108CC80004981C1A002C7FF70AAD102C40F3F68389
:108CD80048460A95C1461026B34DDDF8088004E0E1
:108CE800103C102C00F1080015DD01321031072A64
:108CF800C0E90056CDE91721F2DD4146584616AACB
:108D080000F090FC00287FF484ACDDE91721103CCA
:108D1800102C19A8E9DCC84681462B460A9D013269
:108D28002144072ACDE91721C9F80030C9F80440C1
:108D380000F37182039B089809F108091C1A002C9A
:108D48007FF7D3AC102C40F3B7821026484604E0D6
:108D5800103C102C00F1080016DD0132924B103146
:108D6800072AC0E90036CDE91721F1DD58460299F6
:108D780016AA00F057FC00287FF44BACDDE9172158
:108D8800103C102C19A8E8DC8146874B013221449D
:108D9800072ACDE91721C9F80030C9F8044000F3C3
:108DA800B28009F10809A0E45846029916AA00F011
:108DB80039FC00287FF42DAC18990DF16409A2E460
:108DC8005846029916AA00F02DFC00287FF421AC21
:108DD800DDE917210DF164097EE45846029916AAC7
:108DE80000F020FC00287FF414ACDDE917210DF118
:108DF800640960E4102C179B40F33D8310256B4EEB
:108E0800DDF8088004E0103C102C09F1080916DD93
:108E180001331031072BC9E90065CDE91731F2DDBF
:108E28004146584616AA00F0FDFB00287FF4F1AB36
:108E3800DDE91731103C102C0DF16409E8DC013331
:108E48002144072BC9E90064CDE917317FF764ACE9
:108E58005846029916AA00F0E5FB00287FF4D9AB22
:108E6800189959E4302A00F0CA813023039A02384D
:108E780005F8013C42AB1B1A9A42B8BF1A46054690
:108E880008930492D1E000230A93102C624640F321
:108E9800EB8249461023C146444EA846029D04E091
:108EA800103C102C01F1080117DD01321030072A9F
:108EB800C1E90063CDE91720F2DD2946584616AA14
:108EC80000F0B0FB00287FF4A4ABDDE91720103CCC
:108ED800102C4FF0100319A9E7DC4546C84689460F
:108EE80001322118072ACDE91721C9F80060C9F80D
:108EF800044000F33F819DF83B6009F108098EB3F7
:108F08000026FFF7C8BB5846029916AA00F08AFB4C
:108F180000287FF47EABDDE917210DF16409FFF726
:108F2800E4BB20F48068D6E4079301230DF207150B
:108F38000893FFF79EBB90047FF54BAAB9E2039A0A
:108F4800002A7FF4C8AC10F00102049200F00C81F2
:108F580030238DF80731039B089207930DF207150C
:108F6800FFF787BB0A9B002B7FF4A7ABFFF7B7BBC4
:108F7800099A18F0100F52F8044B40F0F78218F0D5
:108F8800400F099200F0738144F3C036334624B28F
:108F9800FFF7EFBB099B1A1D099B00211B6809926B
:108FA8008CE49846FFF7DCBB4CB300085CB30008C0
:108FB80018F0100F40F03D8118F0400F40F0458246
:108FC80018F4007F00F03581099A0599126811702C
:108FD800A5E5404669E4B54818F0200F00F09B80ED
:108FE800099B073323F007031C465A6854F8083BCB
:108FF800099418F00104049475D103998DF83B4045
:109008000029C0F29F8053EA020128F4906840F0DA
:10901800DA80039A002A00F05181037804928DF8CF
:10902800073101230DF20715089318F08406DDE9CE
:1090380017210846944600F085829DF83B30002BA6
:1090480000F08382002307930A93FFF724BB984814
:10905800C2E709928846FFF798BB48F002080BE57B
:109068000122099B04921B6829AD8DF8A43008924F
:10907800FFF7F9BB002A00F0C1813024FFF78BBB52
:10908800079B0822002114A81193FAF7FDFA039B05
:10909800002BC0F261810024CDF810902546994636
:1090A8000FE014AB584629A9FEF7C2F9431C04F196
:1090B8000404284400F0F481484506DC00F00082EE
:1090C8000546119B1A59002AEBD1DDF8109003953B
:1090D80050E1069C049B0796E41A002C7FF7EDAA42
:1090E80002230A93D1E653EA02045BD100238DF8E8
:1090F8003B30039B002BC0F26C8128F4906800F091
:10910800888103780DF207158DF80731049B0893C1
:10911800039B049389E7099A18F0100F52F8043B4F
:10912800099209D118F0400F02D000229BB260E7E3
:1091380018F4007F40F07D8100225AE7022148F0B0
:109148000208049103F00F01415C28F480681B09B0
:1091580043EA02738DF80711110953EA12127FF4DA
:1091680097AC0DF20715A1E4039B42ADCDE9073397
:10917800FFF77FBA5846029916AA00F053FA064636
:1091880000287FF446AADDE917219DF83B30002B23
:1091980040F088800A9B0DF16409002B7FF48DAAAA
:1091A800FFF79DBA8DF83D1030218DF83C10002155
:1091B8008DF83B1003990029C0DB28F4906141F039
:1091C80002080221049103F00F01415CBFE75846F1
:1091D800FAF7A0F9FFF7E6B8079D2846FBF7C8F9A4
:1091E8009DF83B3020EAE07208900492002B7FF44F
:1091F80019AB079D039309960793FFF73ABA039AA9
:1092080042AB5B1B9A42B8BF1A46089300230492EC
:109218000793FFF72EBA5846029916AA00F002FAE9
:1092280000287FF4F6A9DDE917210DF16409FFF79D
:1092380056BA099A05991268116070E4039B079A57
:10924800062B28BF06231B4D049309960392089307
:10925800FFF70FBA0992002C00F0E68030230122B4
:109268008DF80731089223460DF207152AE418F401
:10927800007F14BF44F3C016E617334618BF64B224
:10928800FFF777BA18F4007600F0D6808DF83B1017
:10929800DBB2FFF754BB18F400711CBF0021DBB22E
:1092A800FFF70CBB0DF16409FFF7F5B988AB0008AF
:1092B80074AB00089CAB0008AE4B67E5039B42A863
:1092C80005460893B1E60C9A0D99A8EB02094846A1
:1092D800FAF71EFA9AF801300BB10AF1010A4FF0B9
:1092E800CC310120A44AA31943F10003A2FB03CE09
:1092F8002EF0030C0CEB9E0CA3EB0C03E31A03FB00
:1093080001F166F10006A3FB023402FB0611C3401B
:10931800214443EAC17421FA00F6A31943F100037A
:10932800A2FB031C2CF0030101EB9C015B1AE31A5E
:10933800A3FB023166F1000C02FB0C12C34043EAA6
:10934800C27303EB8303A4EB4303303309F1FF3803
:1093580009F8013CFFF756BB14AB009300235846AD
:10936800194611AAFEF7BAF80390013000F0988068
:10937800079B1193039B002B35D0632B6BDD58465D
:10938800591CFCF7C7FB0546002800F089800790A8
:109398000822002114A8FAF777F9039C14AB00936C
:1093A80029462346584611AAFEF798F8844240F009
:1093B800C2800023039A22EAE271AB540491114659
:1093C8009DF83B20002A62D1CDE908160392FFF7E9
:1093D80050B9037828F480688DF80731049B0DF2A2
:1093E8000715089321E69DF83B30079D003B18BF01
:1093F80001230493039B0996089316E69DF83B30D6
:109408003BB1039B42ADCDE9073301230493FFF73A
:10941800D7B9039BFFF7CBBB039B0992002B3FF403
:10942800C6AB0024FFF7B6B9039B42AD0893FFF71C
:1094380049BB0022DBB2DCE503991C4600298DF804
:109448003B60BFF681AAFFF784BA099A05991268AA
:109458001180FFF764BB002329AD079398E7886D57
:10946800FAF708FFFFF791B8444E39E50023824622
:109478000393FEF7EEBF414EE1E45846029916AA5F
:1094880000F0D0F800283FF4ADA8FFF7C8B8039A59
:109498000393049BCDE9082601330493FFF790B9A1
:1094A8000298B0F90C30426E43F04001D507818133
:1094B80009D54FF0FF330593FFF7BCB82D4B2EE4C9
:1094C800DDF8109056E79905F3D4FFF73EB99BB144
:1094D800039B099608930133CDE903030790FFF72F
:1094E8006FB9D307E5D4029B9B899F05E1D4029B02
:1094F800986DFAF7BFFEDCE7039A0793CDE90332CC
:1095080009960892FFF7B5B8029A536EDD07D0D4D2
:1095180093899C05CDD4906DFAF7ACFEC9E7099AFA
:109528009AF8013052F8041B8246099241EAE17226
:109538000392FEF78BBF029A938943F0400393810D
:10954800FFF767B80796FFF79BB80793FFF7C4B80C
:109558000122039B0892012BB8BF01230DF20715C6
:10956800FFF7B0BA049360E5404615E54346FFF7B8
:1095780038BB00BF4CB30008CDCCCCCC5CB30008E2
:109588004146FFF7E2BA00BF8C461346044A00B5CD
:1095980001465DF804EB10686246FEF7EDBE00BFB9
:1095A80000000020F0B50D4616464FF480610022F9
:1095B8000746ADF2744DCDE907126A6E04911B920D
:1095C800EA89A989ADF81620EA691CA809926A6A8D
:1095D80021F002010290069018A80193ADF814102A
:1095E8000B92FAF737FE32463846019B02A9FEF77E
:1095F800C3FE061E07DB384602A9FEF7F3F800286B
:1096080018BF4FF0FF36BDF814305B0603D5AB89A1
:1096180043F04003AB811898FAF720FE30460DF26C
:10962800744DF0BD936810B514461BB91846002355
:10963800636010BD00F006F80023A3600023636098
:1096480010BD00BF9368002B00F0AD802DE9F04FEE
:10965800B1F90CC00C461CF0080F8046174683B0C1
:1096680025D00B691BB31CF002033E682BD04FF0CA
:10967800000B5D46DFF8A8A2ADB155452B465A460A
:1096880028BF53464046E169D4F824C0E047002883
:1096980040F38180BB6883441B1ABB60002B71D0E8
:1096A8002D1A002DE9D1D6E900B50836E4E72146A0
:1096B800404600F037F9002872D1B4F90CC03E6872
:1096C8001CF00203D3D11CF0010A6ED15546236861
:1096D800002D53D01CF4007F1846D4F8089000F0F1
:1096E800A780A945CB4600F2E1801CF4906F34D0E6
:1096F80021696269A3EB010902EB420202EBD27213
:1097080009F1010352102B44934294BF93469B46A0
:10971800934288BF1A461CF4806F00F0E58011461A
:109728004046FCF7F7F9002800F0F3804A46216923
:109738000190FEF7CDFAA289019B22F4906242F0D3
:109748008002A28103EB09002361C4F814B0ABEBDB
:109758000903A946AB46A360206051465A46FEF766
:10976800C1F8A2682368A2EB0902A260B9685B4449
:10977800491B2360B96029B1B4F90CC0D6E900A52A
:109788000836A5E7002003B0BDE8F08F2146404623
:10979800FEF728F870B3B4F90C3043F04003A38106
:1097A8004FF0FF30EFE7002070471D46B9469A4654
:1097B80018461F465DB300282FD0524620682169FD
:1097C800AA4228BF2A468842636904D9A16803EBE4
:1097D800010B5A457ADC93426BDC3A464046E16914
:1097E800D4F824C0E047B0F1000BD4DDBAEB0B0A83
:1097F800CCD00120D9F80830A3EB0B03C9F8083006
:10980800002BBFD0A5EB0B055F44002DD3D17568A5
:1098180033460836002DFAD01F682A460A213846F2
:10982800FAF766FE002871D00130A0EB070AC4E7FA
:1098380022699A4222D3D4F814C0AC451ED86FF0DE
:109848000043AB4228BF2B4693FBFCF352460CFB6C
:1098580003F34046E169D4F824C0E047B0F10009B9
:1098680099DDBB68A5EB0905A3EB0903BB60002BD9
:1098780088D0B4F90CC02368CA4429E7A94528BF91
:10988800A94618464A465146FEF72CF8A2682368AE
:10989800A2EB09024B44A2602360002AE1D12146D1
:1098A8004046FDF79FFF0028DBD074E7A946AB468A
:1098B80053E739460192FEF715F8019AA3689346D3
:1098C8009B1AA3602368134423608FE739465A46DE
:1098D800FEF708F8236821465B4440462360FDF7FD
:1098E80081FF002882D056E74046FEF7D7FA0346A4
:1098F80000287FF427AF40462169FBF7BFFF0C2201
:10990800A389C8F8002023F0800346E76A1C924622
:1099180054E70C22B4F90C30C8F800203DE700BF2A
:1099280000FCFF7F10B5354B0446186882B00B4623
:1099380010B1426B002A53D0B3F90C20110711D58E
:109948001869C8B1B3F90C2012F0010126D04FF004
:10995800000C5969C3F808C04942996120B3002036
:1099680002B010BDD00640D5510723D4186942F083
:1099780008029A810028E5D19A8902F42072B2F58A
:10998800007FDFD019462046019300F041F8019B83
:10999800B3F90C20186912F00101D8D1940758BF07
:1099A800596999600028DAD11106D9D542F04002E8
:1099B8009A811FE0196B61B103F14000814206D022
:1099C80020460193FBF75AFF019BB3F90C200021B5
:1099D80019630021186922F02402C3E90001C6E7CF
:1099E8000191F9F797FD019BA6E7092142F0400292
:1099F80021609A814FF0FF30B2E700BF00000020DD
:109A0800062008B500F060F9012000F0ABFA00BFAD
:109A1800B1F90C20930706D5012201F14303C1E9EE
:109A280004320B60704730B50B46B1F90E1004468E
:109A3800002999B032DB02AA009300F009FA002845
:109A4800009B29DB4FF4806120460093039DFCF7BF
:109A580061F8009BB3F90C2000283BD0186018610E
:109A68004FF4806005F4704142F08002B1F5005F68
:109A78009A8158613CD1B3F90E102046009300F04A
:109A8800FBF9009BB3F90C2090B322F003024FF4CA
:109A9800006C42F0010218E0B3F90C2012F0800FBC
:109AA8000CBF4FF480614021204601930091FCF7E0
:109AB80031F8019B0099B3F90C2058B14FF0000C14
:109AC800C3E9040142F08002186042EA0C029A815C
:109AD80019B030BD9105FBD4012022F0030203F137
:109AE800430142F00202C3E904109A811960EFE7CA
:109AF8004FF4006CE9E700BF30B50C46B1F90E1021
:109B08001546002999B016DB02AA019300F0A0F9C6
:109B18000028019B0FDB039A4FF4806102F4704226
:109B2800A2F50052B2FA82F24FF4006052091A60AC
:109B3800296019B030BDA28912F0800206D0002237
:109B4800402110461A60296019B030BD4FF4806179
:109B580010461A60296019B030BD00BFD0F8F8214E
:109B68000AB10020704700B5802183B0CDE900021A
:109B7800FBF7D0FF009BC3F8F80148B1019A031F17
:109B88007C3043F8042F8342FBD1002003B000BD92
:109B98004FF0FF30FAE700BF1F290CD810B50B466D
:109BA800D0F8F811144682B051B151F8230041F8A9
:109BB800234002B010BD162202604FF0FF307047FC
:109BC8008021CDE90030FBF7A5FF0146019A009BF3
:109BD800C2F8F8014FF0FF300029EAD00022081F30
:109BE80001F17C0C40F8042F6045FBD1DDE700BF94
:109BF8001F29034628D800B5D0F8F8C10A4683B013
:109C0800BCF1000F0ED05CF8211059B1012906D023
:109C1800481C14D0002310464CF8223088470020F6
:109C280003B000BD18460192009300F04BF90146BD
:109C3800DDE9000203B05DF804EB00F02FB916224D
:109C480001201A6003B000BD16224FF0FF301A60E1
:109C5800704700BF1F2934D800B50B46D0F8F8115B
:109C680083B0B9B151F8232062B1501C10D0012A39
:109C78000BD04FF0000C184641F823C09047002045
:109C880003B000BD012003B000BD032003B000BD38
:109C98000220F5E78021CDE90003FBF73BFF009A9E
:109CA8000146C2F8F80148B14FF0000C019B021FB1
:109CB8007C3042F804CF8242FBD1D3E74FF0FF302B
:109CC800DEE74FF0FF30704710B5174B1F281C68B0
:109CD80082B023D8D4F8F811024671B151F8203077
:109CE8005BB1012B06D0B3F1FF3F12D0002441F83D
:109CF80020409847002002B010BD2046019200F095
:109D0800E1F801462046019A02B0BDE8104000F093
:109D1800C5B816230120236002B010BD16234FF0EA
:109D2800FF302360E7E700BF0000002010B5164BA6
:109D38001F281C6882B00AD80A46D4F8F8110346CE
:109D480059B151F8230041F8232002B010BD162361
:109D580023604FF0FF3002B010BDCDE90002802132
:109D68002046FBF7D7FEDDE900320146C4F8F801CA
:109D78000028EED00024043801F17C0C40F8044F90
:109D88006045FBD1DDE700BF000000200F4B1B68DA
:109D9800D3F8F8210AB10020704700B5184683B0FF
:109DA800802100930192FBF7B5FE009BC3F8F801F0
:109DB80048B1019A031F7C3043F8042F8342FBD13A
:109DC800002003B000BD4FF0FF30FAE7000000208C
:109DD8001F2837D81D4A00B512680346D2F8F81173
:109DE80083B0B9B151F8232062B1501C10D0012AB8
:109DF8000BD04FF0000C184641F823C090470020C4
:109E080003B000BD012003B000BD032003B000BDB6
:109E18000220F5E78021019010460092FBF77AFEB8
:109E2800009A0146C2F8F80148B14FF0000C019BB6
:109E3800021F7C3042F804CF8242FBD1D2E74FF0B8
:109E4800FF30DDE74FF0FF30704700BF0000002013
:109E580038B50023074C054608461146236000F034
:109E68003BF8431C00D038BD2368002BFBD02B6087
:109E780038BD00BF2C0C002038B50023064C054621
:109E88000846236000F038F8431C00D038BD23682A
:109E9800002BFBD02B6038BD2C0C002038B50023DC
:109EA800074C054608461146236000F02DF8431C70
:109EB80000D038BD2368002BFBD02B6038BD00BF15
:109EC8002C0C002000F010B85822024B4FF0FF3045
:109ED8001A6070472C0C00205822024B4FF0FF30BC
:109EE8001A6070472C0C00205822024B4FF0FF30AC
:109EF8001A6070472C0C00205822024B00201A6070
:109F0800704700BF2C0C00205822024B4FF0FF3046
:109F18001A6070472C0C00205822024B4FF0FF307B
:109F28001A6070472C0C00205822024B4FF0FF306B
:109F38001A6070472C0C0020044A05491368002B4E
:109F480008BF0B461844106018467047880C00205C
:109F5800900C00205822024B4FF0FF301A607047D7
:109F68002C0C0020FEE700BF70B54FF0FF0C4CF43E
:109F7800E06C1CEA11541DBF1CEA135594EA0C0F3F
:109F880095EA0C0F00F0DEF82C4481EA030621EA7A
:109F98004C5123EA4C5350EA013518BF52EA0335B5
:109FA80041F4801143F4801338D0A0FB02CE4FF067
:109FB8000005E1FB02E506F00042E0FB03E54FF097
:109FC8000006E1FB03569CF0000F18BF4EF0010E8F
:109FD800A4F1FF04B6F5007F64F5407404D25FEA8B
:109FE8004E0E6D4146EB060642EAC62141EA55513E
:109FF8004FEAC52040EA5E504FEACE2EB4F1FD0C80
:10A0080088BFBCF5E06F1ED8BEF1004F08BF5FEAFD
:10A01800500E50F1000041EB045170BD06F00046AF
:10A0280046EA010140EA020081EA0301B4EB5C045C
:10A03800C2BFD4EB0C0541EA045170BD41F4801154
:10A048004FF0000E013C00F3AB8014F1360FDEBF79
:10A05800002001F0004170BDC4F10004203C35DA55
:10A068000C341BDC04F11404C4F1200500FA05F3D8
:10A0780020FA04F001FA05F240EA020001F0004279
:10A0880021F0004110EBD37021FA04F642EB0601EF
:10A098005EEA430E08BF20EAD37070BDC4F10C0419
:10A0A800C4F1200500FA04F320FA05F001FA04F2DD
:10A0B80040EA020001F0004110EBD37041F10001C9
:10A0C8005EEA430E08BF20EAD37070BDC4F12005D4
:10A0D80000FA05F24EEA020E20FA04F301FA05F23C
:10A0E80043EA020321FA04F001F0004121FA04F2E4
:10A0F80020EA020000EBD3705EEA430E08BF20EAB4
:10A10800D37070BD94F0000F0FD101F000464000ED
:10A1180041EB010111F4801F08BF013CF7D041EA6F
:10A12800060195F0000F18BF704703F00046520073
:10A1380043EB030313F4801F08BF013DF7D043EA44
:10A148000603704794EA0C0F0CEA135518BF95EAFA
:10A158000C0F0CD050EA410618BF52EA4306D1D181
:10A1680081EA030101F000414FF0000070BD50EAA0
:10A17800410606BF1046194652EA430619D094EA2A
:10A188000C0F02D150EA013613D195EA0C0F05D114
:10A1980052EA03361CBF104619460AD181EA030168
:10A1A80001F0004141F0FE4141F470014FF0000020
:10A1B80070BD41F0FE4141F4780170BD81F000416D
:10A1C80002E000BF83F0004330B54FEA41044FEA94
:10A1D800430594EA050F08BF90EA020F1FBF54EA2F
:10A1E800000C55EA020C7FEA645C7FEA655C00F0CB
:10A1F800E2804FEA5454D4EB5555B8BF6D420CDD9C
:10A208002C4480EA020281EA030382EA000083EA1E
:10A21800010180EA020281EA0303362D88BF30BDBE
:10A2280011F0004F4FEA01314FF4801C4CEA113114
:10A2380002D0404261EB410113F0004F4FEA033373
:10A248004CEA133302D0524263EB430394EA050FFE
:10A2580000F0A780A4F10104D5F1200E0DDB02FA6D
:10A268000EFC22FA05F2801841F1000103FA0EF201
:10A27800801843FA05F359410EE0A5F120050EF1C7
:10A28800200E012A03FA0EFC28BF4CF0020C43FAF8
:10A2980005F3C01851EBE37101F0004507D54FF005
:10A2A800000EDCF1000C7EEB00006EEB0101B1F555
:10A2B800801F1BD3B1F5001F0CD349085FEA30009B
:10A2C8004FEA3C0C04F101044FEA445212F5800FA6
:10A2D80080F09A80BCF1004F08BF5FEA500C50F143
:10A2E800000041EB045141EA050130BD5FEA4C0C26
:10A2F800404141EB0101013C28BFB1F5801FE9D283
:10A3080091F0000F04BF01460020B1FA81F308BFA5
:10A318002033A3F10B03B3F120020CDA0C3208DD71
:10A3280002F1140CC2F10C0201FA0CF021FA02F14C
:10A338000CE002F11402D8BFC2F1200C01FA02F1BC
:10A3480020FA0CFCDCBF41EA0C019040E41AA2BFE1
:10A3580001EB0451294330BD6FEA04041F3C1CDAA9
:10A368000C340EDC04F11404C4F1200220FA04F0C9
:10A3780001FA02F340EA030021FA04F345EA030173
:10A3880030BDC4F10C04C4F1200220FA02F001FA35
:10A3980004F340EA0300294630BD21FA04F02946B7
:10A3A80030BD94F0000F83F4801306BF81F4801150
:10A3B8000134013D4EE77FEA645C18BF7FEA655CC3
:10A3C80029D094EA050F08BF90EA020F05D054EA95
:10A3D800000C04BF1946104630BD91EA030F1EBF9A
:10A3E8000021002030BD5FEA545C05D1400049419E
:10A3F80028BF41F0004130BD14F580043CBF01F591
:10A40800801130BD01F0004545F0FE4141F4700176
:10A418004FF0000030BD7FEA645C1ABF1946104651
:10A428007FEA655C1CBF0B46024650EA013406BF52
:10A4380052EA033591EA030F41F4002130BD00BF11
:10A4480090F0000F04BF0021704730B54FF48064CE
:10A4580004F132044FF000054FF0000150E700BF4F
:10A4680090F0000F04BF0021704730B54FF48064AE
:10A4780004F1320410F0004548BF40424FF000019B
:10A488003EE700BF42004FEAE2014FEA31014FEADE
:10A4980002701FBF12F07F4393F07F4F81F060512D
:10A4A800704732F07F4208BF704793F07F4F04BF78
:10A4B80041F40021704730B54FF4607401F0004555
:10A4C80021F000411CE700BF50EA010208BF7047B5
:10A4D80030B54FF000050AE050EA010208BF7047A6
:10A4E80030B511F0004502D5404261EB41014FF40F
:10A4F800806404F132045FEA915C3FF4D8AE4FF017
:10A5080003025FEADC0C18BF03325FEADC0C18BFF9
:10A51800033202EBDC02C2F1200300FA03FC20FA4A
:10A5280002F001FA03FE40EA0E0021FA02F1144497
:10A53800BDE600BF70B54FF0FF0C4CF4E06C1CEAB0
:10A5480011541DBF1CEA135594EA0C0F95EA0C0F21
:10A5580000F0DEF82C4481EA030621EA4C5123EA94
:10A568004C5350EA013518BF52EA033541F48011C3
:10A5780043F4801338D0A0FB02CE4FF00005E1FB76
:10A5880002E506F00042E0FB03E54FF00006E1FBC0
:10A5980003569CF0000F18BF4EF0010EA4F1FF0403
:10A5A800B6F5007F64F5407404D25FEA4E0E6D4143
:10A5B80046EB060642EAC62141EA55514FEAC52054
:10A5C80040EA5E504FEACE2EB4F1FD0C88BFBCF5D0
:10A5D800E06F1ED8BEF1004F08BF5FEA500E50F181
:10A5E800000041EB045170BD06F0004646EA010147
:10A5F80040EA020081EA0301B4EB5C04C2BFD4EB79
:10A608000C0541EA045170BD41F480114FF0000E71
:10A61800013C00F3AB8014F1360FDEBF002001F0DF
:10A62800004170BDC4F10004203C35DA0C341BDC59
:10A6380004F11404C4F1200500FA05F320FA04F02B
:10A6480001FA05F240EA020001F0004221F000415F
:10A6580010EBD37021FA04F642EB06015EEA430ED2
:10A6680008BF20EAD37070BDC4F10C04C4F1200502
:10A6780000FA04F320FA05F001FA04F240EA0200B5
:10A6880001F0004110EBD37041F100015EEA430E86
:10A6980008BF20EAD37070BDC4F1200500FA05F2A6
:10A6A8004EEA020E20FA04F301FA05F243EA020325
:10A6B80021FA04F001F0004121FA04F220EA020034
:10A6C80000EBD3705EEA430E08BF20EAD37070BD7A
:10A6D80094F0000F0FD101F00046400041EB01015A
:10A6E80011F4801F08BF013CF7D041EA060195F03C
:10A6F800000F18BF704703F00046520043EB0303F6
:10A7080013F4801F08BF013DF7D043EA06037047E2
:10A7180094EA0C0F0CEA135518BF95EA0C0F0CD0ED
:10A7280050EA410618BF52EA4306D1D181EA030133
:10A7380001F000414FF0000070BD50EA410606BF2D
:10A748001046194652EA430619D094EA0C0F02D172
:10A7580050EA013613D195EA0C0F05D152EA0336B7
:10A768001CBF104619460AD181EA030101F00041D5
:10A7780041F0FE4141F470014FF0000070BD41F01E
:10A78800FE4141F4780170BD70B54FF0FF0C4CF4F8
:10A79800E06C1CEA11541DBF1CEA135594EA0C0F17
:10A7A80095EA0C0F00F0A7F8A4EB050481EA030E64
:10A7B80052EA03354FEA013100F088804FEA03334B
:10A7C8004FF0805545EA131343EA12634FEA022219
:10A7D80045EA111545EA10654FEA00260EF00041DA
:10A7E8009D4208BF964244F1FD0404F5407402D22C
:10A7F8005B084FEA3202B61A65EB03055B084FEABD
:10A8080032024FF480104FF4002CB6EB020E75EBB9
:10A81800030E22BFB61A754640EA0C005B084FEAE1
:10A828003202B6EB020E75EB030E22BFB61A75465E
:10A8380040EA5C005B084FEA3202B6EB020E75EBA9
:10A84800030E22BFB61A754640EA9C005B084FEA21
:10A858003202B6EB020E75EB030E22BFB61A75462E
:10A8680040EADC0055EA060E18D04FEA051545EA1D
:10A8780016754FEA06164FEAC30343EA52734FEAC6
:10A88800C2025FEA1C1CC0D111F4801F0BD141EA3F
:10A8980000014FF000004FF0004CB6E711F4801FA4
:10A8A80004BF01430020B4F1FD0C88BFBCF5E06F84
:10A8B8003FF6AFAEB5EB030C04BFB6EB020C5FEA94
:10A8C800500C50F1000041EB045170BD0EF0004EE9
:10A8D8004EEA113114EB5C04C2BFD4EB0C0541EA1B
:10A8E800045170BD41F480114FF0000E013C90E618
:10A8F80045EA060E8DE60CEA135594EA0C0F08BFDC
:10A9080095EA0C0F3FF43BAF94EA0C0F0AD150EADA
:10A9180001347FF434AF95EA0C0F7FF425AF10466D
:10A9280019462CE795EA0C0F06D152EA03353FF495
:10A93800FDAE1046194622E750EA410618BF52EA12
:10A9480043067FF4C5AE50EA41047FF40DAF52EAE6
:10A9580043057FF4EBAE12E74FF0FF3C06E000BF83
:10A968004FF0010C02E000BF4FF0010C4DF804CD90
:10A978004FEA410C7FEA6C5C4FEA430C18BF7FEA50
:10A988006C5C1BD001B050EA410C0CBF52EA430C7E
:10A9980091EA030F02BF90EA020F0020704710F1FE
:10A9A800000F91EA030F58BF994208BF90422CBF8D
:10A9B800D8176FEAE37040F0010070474FEA410C86
:10A9C8007FEA6C5C02D150EA013C07D14FEA430CA4
:10A9D8007FEA6C5CD6D152EA033CD3D05DF8040B15
:10A9E800704700BF8446104662468C461946634647
:10A9F80000E000BF01B5FFF7B7FF002848BF10F11E
:10AA0800000F01BD4DF808EDFFF7F4FF0CBF012062
:10AA180000205DF808FB00BF4DF808EDFFF7EAFFDE
:10AA280034BF012000205DF808FB00BF4DF808ED99
:10AA3800FFF7E0FF94BF012000205DF808FB00BF8E
:10AA48004DF808EDFFF7CEFF94BF012000205DF818
:10AA580008FB00BF4DF808EDFFF7C4FF34BF012025
:10AA680000205DF808FB00BF4FEA410C7FEA6C5CF0
:10AA780002D150EA013C0AD14FEA430C7FEA6C5CF0
:10AA880002D152EA033C02D14FF0000070474FF068
:10AA9800010070474FEA410212F5001215D211D594
:10AAA8006FF47873B3EB625212D94FEAC12343F0C3
:10AAB800004343EA505311F0004F23FA02F018BF45
:10AAC800404270474FF00000704750EA013005D10E
:10AAD80011F0004008BF6FF0004070474FF00000D1
:10AAE800704700BF7175617920747261690D0A0041
:10AAF8007175617920706861690D0A006B686F6E05
:10AB08006720717561790D0A000000002537640D12
:10AB18000A0000007472756F630D0A007361750D89
:10AB28000A000000433A25357520523A253575202C
:10AB3800473A25357520423A2535750D0A0000003B
:10AB48007468616E67200D0A000000007472616904
:10AB5800200D0A0070686169200D0A00494E460000
:10AB6800696E66004E414E006E616E0030313233C0
:10AB78003435363738396162636465660000000031
:10AB8800303132333435363738394142434445461B
:10AB980000000000286E756C6C2900003000000071
:10ABA8002F000000504F5349580000004300000098
:10ABB800415343494900000049534F2D383835392E
:10ABC8002D310000636A6B73696E676C6500000065
:10ABD800636A6B6E6172726F77000000636A6B77ED
:10ABE800696465005554462D3800000055544638B0
:10ABF800000000004A495300455543004A500000F0
:10AC08004555434A50000000534A4953000000008C
:10AC180049534F00383835390000000049534F2D4B
:10AC2800383835392D000000435000004B4F493863
:10AC3800000000004350323038363600435032317D
:10AC480038363600435031303300000047454F5204
:10AC58004749414E00000000505300004350313036
:10AC68003100000050543135340000004350313079
:10AC78003200000054495300363230004350383710
:10AC8800340000004C435F414C4C00004C414E479F
:10AC9800000000002E0000004C435F434F4C4C4125
:10ACA800544500004C435F43545950450000000090
:10ACB8004C435F4D4F4E4554415259004C435F4EF3
:10ACC800554D4552494300004C435F54494D45009A
:10ACD8004C435F4D4553534147455300496E6669A0
:10ACE8006E697479000000004E614E0042616C6C20
:10ACF8006F632073756363656564656400000000B5
:10AD08002F646174612F6A656E6B696E732F776F3C
:10AD1800726B73706163652F474E552D746F6F6C3E
:10AD2800636861696E2F61726D2D31352F7372639F
:10AD38002F6E65776C69622D63796777696E2F6E00
:10AD480065776C69622F6C6962632F7374646C69D0
:10AD5800622F64746F612E63000000002F646174B9
:10AD6800612F6A656E6B696E732F776F726B737084
:10AD78006163652F474E552D746F6F6C6368616909
:10AD88006E2F61726D2D31352F7372632F6E65775B
:10AD98006C69622D63796777696E2F6E65776C6968
:10ADA800622F6C6962632F7374646C69622F6D70B3
:10ADB8007265632E630000002C2066756E637469EB
:10ADC8006F6E3A2000000000617373657274696FDA
:10ADD8006E2022257322206661696C65643A2066BC
:10ADE800696C6520222573222C206C696E652025EC
:10ADF80064257325730A000030303030303030302D
:10AE080030303030303030302020202020202020BA
:10AE180020202020202020204300000000000000E7
:10AE2800000000000000000000000000000000001A
:10AE380000000000000000004300000000000000C7
:10AE480000000000000000000000000000000000FA
:10AE580000000000000000004300000000000000A7
:10AE680000000000000000000000000000000000DA
:10AE78000000000000000000430000000000000087
:10AE880000000000000000000000000000000000BA
:10AE98000000000000000000430000000000000067
:10AEA800000000000000000000000000000000009A
:10AEB8000000000000000000430000000000000047
:10AEC800000000000000000000000000000000007A
:10AED8000000000000000000430000000000000027
:10AEE800000000000000000000000000000000005A
:10AEF8000000000000000000430000000000000007
:10AF08000000000000000000000000000000000039
:10AF18000000000000000000000000000000000029
:10AF28000000000000000000000000000000000019
:10AF38000000000000000000000000000000000009
:10AF480000000000000000000000000000000000F9
:10AF580000000000000000000000000000000000E9
:10AF680000000000000000000000000000000000D9
:10AF780000000000000000000000000000000000C9
:10AF880000000000000000000000000000000000B9
:10AF980000000000000000000000000000000000A9
:10AFA8000000000000000000000000000000000099
:10AFB8000000000000000000000000000000000089
:10AFC8000000000000000000000000000000000079
:10AFD8000000000000000000000000000000000069
:10AFE80025720008B56000080000000048B200089B
:10AFF8009CAC0008CCAD0008CCAD0008CCAD000876
:10B00800CCAD0008CCAD0008CCAD0008CCAD000834
:10B01800CCAD0008CCAD0008FFFFFFFFFFFFFFFF2E
:10B02800FFFFFFFFFFFF00000100415343494900B4
:10B038000000000000000000000000000000000008
:10B04800000000000000000000004153434949008F
:10B0580000000000000000000000000000000000E8
:10B068000000000000000000000000008CAC000898
:10B07800A0AC0008ACAC0008B8AC0008C4AC000830
:10B08800D0AC0008D8AC000804000000000005009F
:10B09800000401010101010601060004000000008E
:10B0A8000000000000000404000000000602020284
:10B0B8000202060206060604060606060606060636
:10B0C8000606030306060600000000000000000054
:10B0D8000200000000000000000504040404040746
:10B0E8000407000300000000000000000000010148
:10B0F8000000000007010101010107010707070619
:10B1080007070707070707070707000007070700DC
:10B118000000000000000000050000001900000009
:10B128007D00000000000000BC89D897B2D29C3C8A
:10B1380033A7A8D523F649393DA7F444FD0FA53216
:10B148009D978CCF08BA5B25436FAC642806C80A64
:10B158000080E03779C34143176E05B5B5B893460B
:10B16800F5F93FE9034F384D321D30F94877825AD7
:10B178003CBF737FDD4F1575000000000000F03FF5
:10B1880000000000000024400000000000005940BA
:10B198000000000000408F40000000000088C3400D
:10B1A80000000000006AF8400000000080842E4182
:10B1B80000000000D01263410000000084D79741CE
:10B1C8000000000065CDCD41000000205FA00242D4
:10B1D800000000E876483742000000A2941A6D4249
:10B1E800000040E59C30A2420000901EC4BCD6423C
:10B1F80000003426F56B0C430080E03779C34143E7
:10B2080000A0D8855734764300C84E676DC1AB435C
:10B21800003D9160E458E143408CB5781DAF15447A
:10B2280050EFE2D6E41A4B4492D54D06CFF0804455
:10B23800F64AE1C7022DB544B49DD9794378EA446A
:10B2480000202020202020202020282828282820EE
:10B2580020202020202020202020202020202020E6
:10B26800208810101010101010101010101010104E
:10B27800100404040404040404040410101010103E
:10B288001010414141414141010101010101010108
:10B29800010101010101010101010101101010105A
:10B2A80010104242424242420202020202020202DA
:10B2B800020202020202020202020202101010102E
:10B2C8002000000000000000000000000000000056
:10B2D8000000000000000000000000000000000066
:10B2E8000000000000000000000000000000000056
:10B2F8000000000000000000000000000000000046
:10B308000000000000000000000000000000000035
:10B318000000000000000000000000000000000025
:10B328000000000000000000000000000000000015
:10B338000000000000000000000000000000000005
:10B3480000000000303030303030303030303030B5
:10B3580030303030202020202020202020202020A5
:04B368002020202061
:10B36C000800002000000000000000002C09002054
:10B37C0094090020FC0900200000000000000000DF
:10B38C0000000000000000000000000000000000B1
:10B39C0000000000000000000000000000000000A1
:10B3AC000000000000000000000000000000000091
:10B3BC000000000000000000000000000000000081
:10B3CC000000000000000000000000000000000071
:10B3DC000000000000000000000000000000000061
:10B3EC000000000000000000000000000000000051
:10B3FC000000000000000000000000000000000041
:10B40C0001000000000000000E33CDAB34126DE6DD
:10B41C00ECDE05000B000000000000000000000046
:10B42C000000000000000000000000000000000010
:10B43C000000000000000000000000000000000000
:10B44C0000000000000000000000000000000000F0
:10B45C0000000000000000000000000000000000E0
:10B46C0000000000000000000000000000000000D0
:10B47C0000000000000000000000000000000000C0
:10B48C0000000000000000000000000000000000B0
:10B49C0000000000000000000000000000000000A0
:10B4AC000000000000000000000000000000000090
:10B4BC000000000000000000000000000000000080
:10B4CC000000000000000000000000000000000070
:10B4DC000000000000000000000000000000000060
:10B4EC000000000000000000000000000000000050
:10B4FC000000000000000000000000000000000040
:10B50C00000000000000000000000000000000002F
:10B51C00000000000000000000000000000000001F
:10B52C00000000000000000000000000000000000F
:10B53C0000000000000000000000000000000000FF
:10B54C0000000000000000000000000000000000EF
:10B55C0000000000000000000000000000000000DF
:10B56C0000000000000000000000000003000000CC
:10B57C002C09002043000000000000000000000027
:10B58C0000000000000000000000000000000000AF
:10B59C00000000004300000000000000000000005C
:10B5AC00000000000000000000000000000000008F
:10B5BC00000000004300000000000000000000003C
:10B5CC00000000000000000000000000000000006F
:10B5DC00000000004300000000000000000000001C
:10B5EC00000000000000000000000000000000004F
:10B5FC0000000000430000000000000000000000FC
:10B60C00000000000000000000000000000000002E
:10B61C0000000000430000000000000000000000DB
:10B62C00000000000000000000000000000000000E
:10B63C0000000000430000000000000000000000BB
:10B64C0000000000000000000000000000000000EE
:10B65C00000000004300000000000000000000009B
:10B66C0000000000000000000000000000000000CE
:10B67C0000000000000000000000000000000000BE
:10B68C0000000000000000000000000000000000AE
:10B69C00000000000000000000000000000000009E
:10B6AC00000000000000000000000000000000008E
:10B6BC00000000000000000000000000000000007E
:10B6CC00000000000000000000000000000000006E
:10B6DC00000000000000000000000000000000005E
:10B6EC00000000000000000000000000000000004E
:10B6FC00000000000000000000000000000000003E
:10B70C00000000000000000000000000000000002D
:10B71C00000000000000000000000000000000001D
:10B72C00000000000000000000000000000000000D
:10B73C00000000000000000000000000257200085E
:10B74C00B56000080000000048B200089CAC00087E
:10B75C00CCAD0008CCAD0008CCAD0008CCAD0008D9
:10B76C00CCAD0008CCAD0008CCAD0008CCAD0008C9
:10B77C00CCAD0008FFFFFFFFFFFFFFFFFFFFFFFF48
:10B78C00FFFF000001004153434949000000000045
:10B79C00000000000000000000000000000000009D
:10B7AC000000000000004153434949000000000024
:10B7BC00000000000000000000000000000000007D
:10B7CC00000000000000000043000000000000002A
:10B7DC00000000000000000000000000000000005D
:10B7EC000000000000000000FFFFFFFF000002004F
:10B7FC0000000000000000009004002090040020D5
:10B80C009804002098040020A0040020A00400202C
:10B81C00A8040020A8040020B0040020B0040020DC
:10B82C00B8040020B8040020C0040020C00400208C
:10B83C00C8040020C8040020D0040020D00400203C
:10B84C00D8040020D8040020E0040020E0040020EC
:10B85C00E8040020E8040020F0040020F00400209C
:10B86C00F8040020F804002000050020000500204A
:10B87C0008050020080500201005002010050020F8
:10B88C0018050020180500202005002020050020A8
:10B89C002805002028050020300500203005002058
:10B8AC003805002038050020400500204005002008
:10B8BC0048050020480500205005002050050020B8
:10B8CC005805002058050020600500206005002068
:10B8DC006805002068050020700500207005002018
:10B8EC0078050020780500208005002080050020C8
:10B8FC008805002088050020900500209005002078
:10B90C009805002098050020A0050020A005002027
:10B91C00A8050020A8050020B0050020B0050020D7
:10B92C00B8050020B8050020C0050020C005002087
:10B93C00C8050020C8050020D0050020D005002037
:10B94C00D8050020D8050020E0050020E0050020E7
:10B95C00E8050020E8050020F0050020F005002097
:10B96C00F8050020F8050020000600200006002045
:10B97C0008060020080600201006002010060020F3
:10B98C0018060020180600202006002020060020A3
:10B99C002806002028060020300600203006002053
:10B9AC003806002038060020400600204006002003
:10B9BC0048060020480600205006002050060020B3
:10B9CC005806002058060020600600206006002063
:10B9DC006806002068060020700600207006002013
:10B9EC0078060020780600208006002080060020C3
:10B9FC008806002088060020900600209006002073
:10BA0C009806002098060020A0060020A006002022
:10BA1C00A8060020A8060020B0060020B0060020D2
:10BA2C00B8060020B8060020C0060020C006002082
:10BA3C00C8060020C8060020D0060020D006002032
:10BA4C00D8060020D8060020E0060020E0060020E2
:10BA5C00E8060020E8060020F0060020F006002092
:10BA6C00F8060020F8060020000700200007002040
:10BA7C0008070020080700201007002010070020EE
:10BA8C00180700201807002020070020200700209E
:10BA9C00280700202807002030070020300700204E
:10BAAC0038070020380700204007002040070020FE
:10BABC0048070020480700205007002050070020AE
:10BACC00580700205807002060070020600700205E
:10BADC00680700206807002070070020700700200E
:10BAEC0078070020780700208007002080070020BE
:10BAFC00880700208807002090070020900700206E
:10BB0C009807002098070020A0070020A00700201D
:10BB1C00A8070020A8070020B0070020B0070020CD
:10BB2C00B8070020B8070020C0070020C00700207D
:10BB3C00C8070020C8070020D0070020D00700202D
:10BB4C00D8070020D8070020E0070020E0070020DD
:10BB5C00E8070020E8070020F0070020F00700208D
:10BB6C00F8070020F807002000080020000800203B
:10BB7C0008080020080800201008002010080020E9
:10BB8C001808002018080020200800202008002099
:10BB9C002808002028080020300800203008002049
:10BBAC0038080020380800204008002040080020F9
:10BBBC0048080020480800205008002050080020A9
:10BBCC005808002058080020600800206008002059
:10BBDC006808002068080020700800207008002009
:10BBEC0078080020780800208008002080080020B9
:0CBBFC008808002088080020840C00202D
:040000050800010DE1
:00000001FF
